fecha,Precios al Consumidor (INPC),Subyacente,"Subyacente, Mercancias","Subyacente, Servicios","Subyacente, Servicios, Vivienda","Subyacente, Servicios, Educacion (colegiaturas)","Subyacente, Servicios, Otros servicios",No subyacente,"No subyacente, Agropecuarios","No subyacente, Agropecuarios, Frutas y verduras","No subyacente, Agropecuarios, Pecuarios","No subyacente, Energeticos y tarifas autorizadas por el gobierno","No subyacente, Energeticos y tarifas autorizadas por el gobierno, Energeticos","No subyacente, Energeticos y tarifas autorizadas por el gobierno, Tarifas autorizadas por el gobierno"
01/01/2000,44.80927026,48.80116016,47.99206941,48.9732209,54.65794077,31.65099757,49.89328994,33.97664235,35.86655407,36.46727022,35.45243934,32.44890299,29.2420289,38.99326548
15/01/2000,45.05224634,49.1371793,48.27705051,49.36596191,55.00413342,32.15253063,50.2945161,34.01775419,35.44679857,35.39689028,35.44726432,32.85700683,29.20786719,40.15738123
01/02/2000,45.27254714,49.41320941,48.55376732,49.63653648,55.30678848,32.18385019,50.61427131,34.11255378,35.33670664,34.62621773,35.75781782,33.11491194,29.57293452,40.24495753
15/02/2000,45.38607009,49.60272707,48.7490206,49.81587838,55.47793948,32.20169399,50.8521125,34.06664354,35.14557631,33.9927574,35.84845868,33.1846808,29.59288815,40.40073846
01/03/2000,45.53044942,49.75694777,48.92709874,49.93837823,55.61977059,32.20442394,50.99636191,34.1819987,35.02513069,33.44373428,36.00096651,33.48774286,30.0016753,40.53750759
15/03/2000,45.6310557,49.89939359,49.0732288,50.07394136,55.79753694,32.2129217,51.13663057,34.19184048,35.02082746,33.48305301,35.96889585,33.5088427,30.00355725,40.59157992
01/04/2000,45.78634268,50.0473203,49.19932487,50.2460596,55.99304348,32.2129217,51.34370325,34.35273535,35.19150782,34.11388379,35.84647799,33.66183734,30.21454715,40.65287754
15/04/2000,45.89369403,50.13264605,49.27124822,50.34632902,56.12554507,32.22290384,51.44544024,34.49741458,35.49620059,34.86137644,35.86900012,33.67899054,30.1730779,40.76890941
01/05/2000,45.96631446,50.26575835,49.42402659,50.45319319,56.29351659,32.30382456,51.50929526,34.44420303,35.77202785,35.20068522,36.10416926,33.36377894,29.61224441,40.8540425
15/05/2000,46.05644359,50.35243508,49.49988946,50.55162913,56.4321365,32.39680487,51.57604103,34.53549896,35.96853042,35.56425392,36.19413826,33.37123086,29.61668132,40.86681656
01/06/2000,46.2299573,50.44560974,49.56447492,50.67816657,56.58070201,32.43247676,51.71307471,34.8590146,36.43632,36.73252966,36.21556126,33.57963562,29.94997541,40.87339554
15/06/2000,46.33788318,50.51034266,49.57934001,50.8027294,56.71259377,32.44511298,51.8671463,35.04682272,36.83034806,37.63890325,36.28306465,33.60309168,29.97956312,40.88741909
01/07/2000,46.4337534,50.59332133,49.63087636,50.92272638,56.80581339,32.47773189,52.03792204,35.16254896,36.79434935,37.64437613,36.2206955,33.8395694,30.34726127,40.91247056
15/07/2000,46.49503568,50.69821387,49.73152565,51.03104759,56.89294018,32.52043892,52.18542793,35.13220398,36.68030156,37.40275997,36.18796282,33.87590282,30.37593916,40.96294494
01/08/2000,46.61587822,50.81090937,49.84144591,51.14524808,56.96184365,32.84556695,52.27325788,35.26184265,36.49706037,36.97809531,36.1585819,34.25462208,30.92150241,41.07565209
15/08/2000,46.82369235,50.90402758,49.91187044,51.26452874,57.04333576,32.9991135,52.41480439,35.68653163,37.3911622,39.50324174,36.01351534,34.30520283,30.91771359,41.21918737
01/09/2000,47.03423352,51.18988884,49.99759722,51.79006927,57.10710623,36.36488652,52.45220295,35.73263743,37.02343541,38.61004277,35.98064687,34.68084036,31.49819893,41.26500126
15/09/2000,47.08790971,51.30852838,50.10064367,51.92577116,57.23633719,36.42790356,52.61699354,35.65285497,36.80897584,38.10523126,35.95122468,34.70836353,31.5116966,41.31702506
01/10/2000,47.29514984,51.45721966,50.16054959,52.18042511,57.3613413,36.42790356,53.06274478,35.96440649,36.91853417,38.60464943,35.81248816,35.18056778,32.26707924,41.33159029
15/10/2000,47.47512162,51.57710539,50.28989285,52.28675347,57.48199982,36.42790356,53.19076709,36.25305436,37.49441042,40.12081966,35.7892325,35.24028387,32.31508265,41.41309029
01/11/2000,47.73216289,51.77101865,50.45361122,52.51430592,57.61889781,36.42790356,53.56769746,36.62042862,37.17204577,39.06853526,35.93184442,36.15669808,33.79261216,41.42200343
15/11/2000,47.84855637,51.91828601,50.61212715,52.64537023,57.71327102,36.42790356,53.77162674,36.66764708,37.26098013,39.23636473,35.97047292,36.17066386,33.80615969,41.43717345
01/12/2000,48.19285675,52.09119219,50.73174574,52.88047422,57.88205251,36.42790356,54.13786556,37.33370186,38.39470637,41.74717247,36.2265007,36.4638361,34.25197832,41.48504877
15/12/2000,48.42248565,52.18218761,50.79594993,53.00267268,58.01404627,36.42790356,54.29065905,37.82640646,39.36003297,43.76233018,36.52261635,36.57983143,34.37540169,41.59277279
01/01/2001,48.55968941,52.42580769,51.05918743,53.21825576,58.32063083,36.57290681,54.45254057,37.7418561,38.84776324,42.05641142,36.77071682,36.83595898,34.69138641,41.75779836
15/01/2001,48.59126331,52.62263855,51.24959562,53.41963966,58.50351425,36.84376377,54.64946098,37.44041103,37.94943279,39.7204169,36.78844585,37.01005476,34.77668476,42.0870055
01/02/2001,48.52754099,52.84111435,51.47433817,53.62680663,58.70309781,36.91366545,54.90727234,36.81494673,36.18867799,35.48845566,36.60250063,37.28911552,35.09361747,42.3126413
15/02/2001,48.5591154,52.99957934,51.60874872,53.81200323,58.89261353,36.91926941,55.14602528,36.5903515,35.62293085,33.98894065,36.63172169,37.33635222,35.07823784,42.46653495
01/03/2001,48.72387398,53.17105117,51.72419643,54.0490395,59.02844524,36.91926941,55.54441159,36.73147967,35.69052754,33.93869452,36.77428143,37.53594423,35.27518334,42.67775419
15/03/2001,48.97775771,53.30323433,51.85419041,54.18168585,59.20635497,36.91926941,55.68088222,37.21296626,37.14410916,37.27156233,37.03016143,37.24296532,34.74700407,42.76845284
01/04/2001,49.05066514,53.44461258,51.97804792,54.34210071,59.34724095,36.91926941,55.90894365,37.14408567,37.02059188,36.40879243,37.37738671,37.21764154,34.63595317,42.88590906
15/04/2001,49.14380832,53.5425817,52.07479062,54.4399293,59.45107499,36.92341898,56.03153284,37.22171485,37.30988271,36.66137171,37.68979387,37.12665859,34.4096209,43.01851521
01/05/2001,49.15543347,53.64298757,52.15061844,54.56867744,59.5805358,36.95202212,56.19176832,37.05475894,37.30629083,36.29037776,37.92010587,36.82971643,33.54345931,43.66497738
15/05/2001,49.26450735,53.73007602,52.21520978,54.68178908,59.68572071,37.11768717,56.29607084,37.20105789,37.83025124,37.46732064,38.02789256,36.67516072,33.27425352,43.69702498
01/06/2001,49.31717852,53.82123938,52.31556466,54.7602004,59.77905096,37.12500622,56.3845105,37.17298018,37.63100355,36.95481337,38.02825259,36.78341584,33.41333928,43.7575034
15/06/2001,49.33554875,53.89646274,52.35671291,54.87578771,59.90998208,37.15184186,56.51552922,37.07657087,37.35887768,36.52090192,37.85936531,36.82700568,33.40417881,43.89108178
01/07/2001,49.15902152,53.9389122,52.35003667,54.97753328,60.02798455,37.17573058,56.62844127,36.472218,36.92252896,35.64041966,37.70615255,36.08926325,32.20433541,43.90131401
15/07/2001,49.23752602,53.94493177,52.23818722,55.12742694,60.15154481,37.1767425,56.84809086,36.69096117,37.40262294,36.82048481,37.74019695,36.09972934,32.20045934,43.93619695
01/08/2001,49.40745168,54.11200639,52.44633872,55.24153252,60.26590452,37.27445346,56.96790678,36.85609983,38.12774099,38.15606532,38.0760333,35.81880881,31.72395334,43.97298755
15/08/2001,49.57177975,54.13155997,52.32771173,55.42954397,60.36132238,37.89010435,57.10278215,37.29993343,39.1592031,40.50527045,38.26766419,35.79437838,31.68417071,43.97340963
01/09/2001,49.90589051,54.47381937,52.421824,56.0691859,60.52741262,41.49465296,57.22630971,37.59683747,39.30370503,40.70834579,38.37474865,36.21245223,32.35483903,43.98315774
15/09/2001,49.99487163,54.58899152,52.5840076,56.12500813,60.68069808,41.53149978,57.20573513,37.62759796,39.42721713,40.54095533,38.68335017,36.1693279,32.28665269,43.98048761
01/10/2001,50.11944572,54.63776114,52.59062398,56.22445143,60.79010047,41.53277923,57.32799128,37.89608371,39.59149572,40.76301406,38.81069886,36.52062156,32.81219332,44.05237242
15/10/2001,50.23282516,54.69994538,52.6182288,56.32783371,60.91405,41.53388764,57.44649197,38.10476983,40.05529561,42.10459049,38.71526658,36.52600428,32.81497262,44.06231283
01/11/2001,50.37232493,54.76591313,52.68120781,56.39634881,60.98153413,41.53388764,57.53769661,38.38293402,39.69270857,41.21040989,38.69143039,37.31425581,34.09051925,44.06218011
15/11/2001,50.35782924,54.83310136,52.7149548,56.50326109,61.10257171,41.53388764,57.66666259,38.20561307,39.29414842,40.38347908,38.56593766,37.31324074,34.08476124,44.0690784
01/12/2001,50.43590323,54.91265174,52.7734292,56.60722487,61.1972258,41.53388764,57.81162761,38.27582321,39.54602342,40.79756913,38.71431857,37.23873216,33.88550975,44.20097443
15/12/2001,50.43375071,54.94886749,52.71929877,56.75319102,61.28141098,41.53388764,58.05649396,38.19702265,39.26108025,39.60322797,39.00858087,37.32414932,33.87637421,44.44795466
01/01/2002,50.80101388,55.12301749,52.81831076,57.01620792,61.51860167,41.64673214,58.39005545,38.92773319,40.21797136,42.04115072,39.0217515,37.8742495,33.59314568,46.41466744
15/01/2002,51.00007391,55.28651257,52.88916228,57.2901308,61.73468471,41.81729419,58.74720143,39.18567919,40.7476265,43.79159979,38.77373974,37.9156432,33.59329524,46.52668434
01/02/2002,50.86703221,55.52417429,53.08644205,57.57314326,62.079821,41.85114376,59.05707344,38.31826641,38.03477149,36.90684814,38.71925268,38.51845819,34.39194891,46.82296157
15/02/2002,50.86846723,55.66645842,53.19092068,57.75922629,62.31495017,41.90713376,59.24336243,38.03743147,36.81632378,33.75506102,38.73271104,38.98449432,35.08857296,46.91928655
01/03/2002,51.0157171,55.77881966,53.27279209,57.90695099,62.45013605,41.93838534,59.43903721,38.24501395,36.91061619,34.06043068,38.69254118,39.28215871,35.48200514,47.06715354
15/03/2002,51.24032346,55.86449645,53.28602898,58.07967874,62.6106428,41.94688829,59.67448474,38.73381593,37.99745658,37.19080437,38.47743855,39.29437655,35.48312683,47.09841049
01/04/2002,51.47135267,55.99626674,53.39462147,58.23755634,62.78440619,41.95020774,59.86811621,39.14890253,38.58163831,38.62313557,38.52114339,39.57452438,35.81880265,47.29557816
15/04/2002,51.34322576,56.04515699,53.38765504,58.35385674,62.9467353,41.95020774,59.98238705,38.67445514,37.46511952,36.03821802,38.34044353,39.61171795,35.81751894,47.39860591
01/05/2002,51.48358654,56.09750711,53.41176382,58.43982754,63.10057021,41.95020774,60.03814261,38.98224252,38.32204531,38.58214888,38.12260743,39.48198432,35.51528206,47.55334114
15/05/2002,51.53927175,56.15112852,53.43660588,58.52770551,63.2428121,41.97319916,60.10071432,39.03887479,38.44348302,38.86380495,38.14193739,39.48696992,35.51153459,47.57314439
01/06/2002,51.71981754,56.18709417,53.42087381,58.62621741,63.40258421,42.02228975,60.16333253,39.49734317,39.17910953,40.75332167,38.14230827,39.72441277,35.84232916,47.66266979
15/06/2002,51.80549814,56.20348817,53.36293418,58.73313433,63.55644118,42.0266714,60.2630955,39.71648321,39.67289747,42.1433824,38.06506221,39.7246861,35.83452079,47.67649918
01/07/2002,51.87284528,56.2460237,53.34486669,58.83465703,63.69771551,42.03610674,60.36405018,39.84795955,40.13375659,43.28335443,38.10666069,39.65155738,35.70479559,47.71465715
15/07/2002,51.95003548,56.29563305,53.3482715,58.92916445,63.79881175,42.09200736,60.46674131,39.99781034,40.48545726,43.86932897,38.31330966,39.67599073,35.71610225,47.76518158
01/08/2002,52.07851311,56.42107823,53.44812542,59.07905227,63.92353852,42.42507765,60.56453158,40.13365268,40.56419609,43.65100487,38.57483506,39.84722913,35.96206314,47.7899967
15/08/2002,52.13912555,56.49974709,53.43340391,59.24856452,64.11296403,42.78717841,60.6372648,40.14576076,40.56962459,43.58479013,38.62437604,39.86347939,35.96247977,47.83762904
01/09/2002,52.39659887,56.79721984,53.45686523,59.8122866,64.21450225,45.70284588,60.67532061,40.29635503,40.34961128,43.14387873,38.54088999,40.24414483,36.47426188,47.96190539
15/09/2002,52.4468502,56.86721308,53.5037926,59.9044973,64.35439818,45.70564661,60.75885793,40.29314134,40.25781744,42.89598791,38.54543425,40.29593984,36.52532683,48.01549245
01/10/2002,52.62454306,56.93238017,53.61011755,59.92919589,64.47571752,45.70564661,60.70584763,40.76605065,40.28267406,42.76924489,38.66360538,41.04685969,37.64430144,48.04456087
15/10/2002,52.68204717,56.99711497,53.67227106,59.9961702,64.58162917,45.70564661,60.76344775,40.80522135,40.38970666,43.055289,38.66015394,41.04387039,37.63790038,48.04828977
01/11/2002,53.00324125,57.04281316,53.69150059,60.06751365,64.70259418,45.70564661,60.81745431,41.85297971,40.84231091,44.38488838,38.57164199,42.46071444,39.73603017,48.12913629
15/11/2002,53.15399525,57.1063006,53.74464684,60.14082263,64.80473975,45.70564661,60.89294394,42.23339243,41.86121498,47.10676169,38.53948967,42.44445127,39.70765552,48.136684
01/12/2002,53.27418401,57.15832771,53.78490596,60.20411409,64.89265927,45.70564661,60.95836001,42.53257884,42.72290231,49.05883778,38.72774421,42.3941895,39.5932464,48.21277687
15/12/2002,53.3456756,57.22833973,53.76709677,60.35956944,64.97440316,45.70564661,61.24016927,42.60699326,42.89879208,49.21541043,38.91514862,42.40555364,39.579549,48.27371568
01/01/2003,53.51456152,57.37078579,53.8675032,60.54244428,65.16541674,45.7066921,61.48565263,42.84419163,42.58930031,47.94168503,39.20019101,42.98212714,40.2991165,48.57176604
15/01/2003,53.53631983,57.52484214,53.97593154,60.74038268,65.34546339,46.03693768,61.64454554,42.51573828,41.62684937,45.20547483,39.33227247,43.04753443,40.33649282,48.69297812
01/02/2003,53.6161003,57.67362241,54.11527784,60.89772867,65.54244898,46.14414011,61.78401659,42.41230676,41.23033957,43.54973704,39.71216992,43.12615003,40.39543134,48.81098839
15/02/2003,53.73214461,57.79215404,54.19846392,61.05025686,65.70077218,46.18789258,61.97260372,42.52001796,41.32342985,43.32879207,39.99846861,43.24288948,40.55644058,48.84108183
01/03/2003,53.9440291,57.91355632,54.32637715,61.1647753,65.87494546,46.20902457,62.06893707,42.97076421,42.23560852,45.36256563,40.21788516,43.40687784,40.78899183,48.87076342
15/03/2003,54.08183173,58.02137162,54.39636489,61.30905702,65.98520407,46.27017488,62.27512523,43.18631136,42.72710191,46.47860704,40.3236572,43.45096343,40.83322257,48.91486034
01/04/2003,54.08804839,58.13199215,54.4469169,61.47784747,66.1071492,46.31082052,62.53498304,42.91538683,42.175493,44.62287312,40.57644448,43.3544691,40.68707784,48.91577586
15/04/2003,54.12224001,58.19562237,54.46104928,61.58953046,66.19286934,46.31082052,62.71307679,42.87286465,42.04002979,44.20786541,40.61344431,43.36968233,40.63449711,49.06498858
01/05/2003,53.89895832,58.2743813,54.52975109,61.67776732,66.31933923,46.31595572,62.79871442,41.85223844,41.86812818,44.29935172,40.27969885,41.82249341,38.29450079,49.07317724
15/05/2003,53.96164297,58.36182395,54.60301698,61.77867256,66.39681333,46.34240064,62.94907888,41.84865802,41.94168071,44.18096122,40.47130702,41.77101609,38.20975968,49.08704965
01/06/2003,53.95076382,58.37705224,54.58271184,61.82852899,66.51633173,46.34446489,62.95441996,41.76851863,41.67909587,43.60070903,40.40494119,41.80421113,38.25127863,49.10402893
15/06/2003,53.99946098,58.38612148,54.5084647,61.9189075,66.61723794,46.37369164,63.05844813,41.92185651,41.97801279,44.67377272,40.22641937,41.86707339,38.33937518,49.1174771
01/07/2003,54.04556788,58.43101659,54.49978504,62.01591727,66.6794299,46.40662014,63.21111714,41.96943563,42.13786889,45.40960298,40.03119156,41.84490731,38.28656049,49.15569377
15/07/2003,54.06162758,58.49060465,54.48177079,62.15101633,66.76123103,46.42314987,63.43973598,41.87042505,41.8749235,44.941026,39.89546435,41.84774523,38.2769479,49.1831413
01/08/2003,54.15953997,58.65123309,54.59499805,62.35722961,66.86293645,47.34537007,63.45279974,41.80257358,41.58025851,43.93357168,40.04043946,41.92077437,38.38869517,49.18019377
15/08/2003,54.27092179,58.6890403,54.61331781,62.41389999,66.99834186,47.47836339,63.4073073,42.10708972,42.03626103,44.97569109,40.13446713,42.13107471,38.64217951,49.30662502
01/09/2003,54.52787706,58.92521668,54.66226301,62.83186095,67.08557045,49.61905395,63.43312425,42.41619837,42.57111943,46.03940749,40.34244431,42.29984876,38.88203787,49.33614472
15/09/2003,54.54808121,58.97750353,54.71714775,62.88138445,67.17906173,49.61905395,63.4620178,42.35277793,42.44759109,45.47348009,40.49165341,42.27378471,38.84245815,49.33659861
01/10/2003,54.70194354,59.05592382,54.7959115,62.95912919,67.30331327,49.61608532,63.52888121,42.70474018,42.72026643,45.90259609,40.66738557,42.67481597,39.41641349,49.39880665
15/10/2003,54.77447124,59.09985477,54.84971798,62.99322727,67.36722754,49.61608532,63.54918729,42.85078039,43.11784208,46.54739444,40.9118347,42.66458644,39.39344346,49.41367112
01/11/2003,55.15057915,59.19290242,54.96301333,63.06610178,67.43907503,49.63250016,63.64450173,43.97436568,43.33479454,46.39515043,41.35569937,44.35064584,41.88717113,49.5159407
15/11/2003,55.23450406,59.27329799,55.07171354,63.11851243,67.52187772,49.63250016,63.6896473,44.06605981,43.60942416,46.87457467,41.50360088,44.32869575,41.85311705,49.51774824
01/12/2003,55.35780114,59.35569255,55.1527541,63.20187158,67.58996822,49.63304933,63.81864677,44.29569362,43.99268568,47.43296772,41.77816719,44.46281958,42.0413664,49.54587799
15/12/2003,55.50233848,59.45322932,55.20857551,63.33971533,67.63290294,49.63304933,64.09520104,44.56469282,44.7552446,48.51773101,42.34062533,44.42519655,41.97262851,49.56945411
01/01/2004,55.68521189,59.564948,55.33670957,63.43492169,67.7808811,49.68478094,64.15883214,44.93372752,45.15420972,48.15844954,43.20571851,44.77546956,42.20670075,50.15159755
15/01/2004,55.86342281,59.70124595,55.48742738,63.55654906,67.89389816,49.83051652,64.27706447,45.2204024,45.04157458,46.84274344,43.83428666,45.30997485,42.23560624,51.68830218
01/02/2004,56.04215177,59.84411955,55.65057715,63.67900556,68.02662385,49.94685627,64.39109658,45.49379986,45.35450207,47.06337215,44.20337935,45.55869481,42.52210569,51.86408696
15/02/2004,56.17373774,59.95957831,55.73365057,63.82558391,68.2723307,49.97885477,64.491874,45.66597489,45.68364005,47.06162339,44.73559098,45.63331603,42.63220327,51.86914492
01/03/2004,56.27734874,60.06530644,55.83056486,63.93945905,68.48057824,49.99283018,64.558826,45.7635277,45.61905164,46.09289351,45.22799393,45.8315102,42.91332877,51.90488512
15/03/2004,56.31931119,60.17773589,55.91163408,64.08202033,68.64878101,50.06846895,64.70301342,45.61816859,44.8306912,43.77214348,45.38513029,46.08551596,42.91898059,52.65112001
01/04/2004,56.31775702,60.28348109,55.95351183,64.24966581,68.85709485,50.10442085,64.88416008,45.33269721,44.04255515,42.15734458,45.10784113,46.11232869,42.82356024,52.91953073
15/04/2004,56.44778883,60.35561637,56.04363012,64.30392988,68.97782248,50.16507166,64.87518778,45.61618995,44.68769795,44.31855349,44.81785208,46.17110659,42.85621751,53.03029559
01/05/2004,56.23694045,60.42026727,56.10920342,64.3673997,69.11550617,50.18247903,64.88916897,44.67639194,44.27151905,43.51222627,44.64286649,44.90659396,40.92940239,53.0653173
15/05/2004,56.24678349,60.497218,56.19725656,64.4331764,69.20161235,50.22845742,64.94361779,44.50880535,43.65766942,42.16689086,44.48086616,45.01621076,41.08970027,53.07557731
01/06/2004,56.29858899,60.59050826,56.30416104,64.51276929,69.28657658,50.25540012,65.03827282,44.4515677,43.0260715,40.45769938,44.51432013,45.3156709,41.53803647,53.0830237
15/06/2004,56.36490003,60.64860047,56.33834756,64.59395055,69.34948467,50.2942662,65.15172694,44.53857138,43.34240244,41.10484151,44.62622002,45.26022388,41.44961326,53.09233159
01/07/2004,56.44882494,60.69993072,56.39619173,64.63869806,69.43578536,50.39249689,65.1371128,44.70822102,43.43924332,41.34852865,44.63240927,45.47500627,41.74317507,53.15297237
15/07/2004,56.51047348,60.75034417,56.42542712,64.70957068,69.50355069,50.41957211,65.22729234,44.79857217,43.48540926,41.0738761,44.87606341,45.59275298,41.84177772,53.30932554
01/08/2004,56.7254663,60.84971248,56.53649052,64.79708904,69.54741227,50.78412861,65.24288375,45.3176368,44.48677562,42.26318375,45.75950075,45.8120677,42.1840254,53.28732373
15/08/2004,56.93061607,60.9380801,56.63180007,64.87829533,69.63255176,51.14053604,65.21001943,45.82969134,45.80344969,45.33023246,45.9952743,45.82422029,42.1867755,53.31812888
01/09/2004,57.24507544,61.20679106,56.73864309,65.30388553,69.73343805,53.34609621,65.21515663,46.26350286,46.51431728,46.91270169,46.16778576,46.0857774,42.56291418,53.35514944
15/09/2004,57.35075866,61.27811526,56.82302532,65.36215068,69.80725179,53.34464799,65.28238373,46.45800841,47.00019082,48.2984631,46.09837135,46.09925466,42.57769303,53.3661471
01/10/2004,57.64605,61.38055077,56.97476462,65.41600248,69.83861741,53.34464799,65.37725458,47.26119552,48.25757737,51.44522528,46.18937713,46.62000807,43.3282824,53.43648263
15/10/2004,57.74344433,61.45614267,57.06670062,65.47530836,69.91138259,53.34707748,65.44626634,47.41551902,48.67135901,52.24178548,46.36650964,46.61313799,43.29016751,53.49127624
01/11/2004,58.11333559,61.53506318,57.14127303,65.55813191,69.97720396,53.34707748,65.57630728,48.55167888,48.80384767,52.34523026,46.51659793,48.3720256,45.92809209,53.5259094
15/11/2004,58.26098126,61.59336127,57.20485789,65.61101519,70.0316937,53.34947439,65.64713672,48.93624905,49.80293471,54.69504032,46.6816163,48.37480577,45.90372715,53.58232136
01/12/2004,58.34905061,61.70230416,57.29829364,65.73462636,70.0918526,53.35410851,65.87374447,48.96726437,49.51257948,53.13389979,47.17455544,48.60537347,46.24891692,53.58806307
15/12/2004,58.26564375,61.76955384,57.34325745,65.82334382,70.13081605,53.35418257,66.04148072,48.48578984,48.20582792,48.98690057,47.61992376,48.63661442,46.182067,53.81324982
01/01/2005,58.31434092,61.91758818,57.4865191,65.97539593,70.24092255,53.59263426,66.19505496,48.27082986,47.10655902,45.89604623,47.74964161,48.97090141,46.4499534,54.28094117
15/01/2005,58.30397982,62.01683108,57.53875298,66.12010706,70.35628891,53.69505351,66.38119931,47.9707623,46.23510773,43.64726659,47.72836731,49.02579857,46.47988911,54.3855096
01/02/2005,58.40344638,62.15588301,57.67379385,66.2624721,70.52045227,53.73915757,66.54112756,47.96524742,46.30668965,43.604259,47.87036798,48.97241016,46.29443278,54.59260139
15/02/2005,58.6034156,62.25972593,57.80518818,66.33896383,70.60388962,53.77255991,66.62749765,48.41704579,47.51527227,46.20218996,48.22063734,48.95404033,46.2539312,54.61781876
01/03/2005,58.72153214,62.35850228,57.87665041,66.46398069,70.63521654,53.798034,66.87505594,48.58535173,47.70731749,46.63016555,48.2669579,49.10752453,46.4597102,54.66905552
15/03/2005,58.81270982,62.41187,57.90856006,66.53806816,70.68979989,53.81746198,66.98752959,48.77650162,47.92543708,47.41581006,48.13507065,49.28183579,46.5773937,54.95638789
01/04/2005,58.85933476,62.47371028,57.98335213,66.58699427,70.76032713,53.83834919,67.02747637,48.78171221,48.4973023,49.25607565,47.92449806,48.93515841,46.0026678,55.05777484
15/04/2005,59.09401367,62.53386107,58.04879373,66.64171826,70.81017873,53.86235853,67.09810603,49.47648387,50.28442194,54.06199894,47.84848231,48.95126554,46.00135963,55.10838698
01/05/2005,58.84586533,62.59028628,58.12174075,66.68176709,70.8379407,53.88516004,67.15558645,48.42479204,50.60628273,55.10964116,47.72264215,47.04711408,43.10373263,55.15353023
15/05/2005,58.81011954,62.65929788,58.19295717,66.74832656,70.89842463,53.90810349,67.2441159,48.11316131,49.8396529,53.24628665,47.63314058,47.01818015,43.04921502,55.1749298
01/06/2005,58.72464047,62.73080358,58.27400116,66.81020904,70.94606283,53.9828963,67.31291779,47.61233196,48.28093707,48.91120234,47.78775017,47.17452304,43.23849108,55.2672848
15/06/2005,58.81892647,62.82281843,58.31656357,66.95010919,71.00584314,54.0422517,67.55536067,47.7119471,48.41217676,49.34619108,47.73162866,47.2544524,43.3558263,55.27387594
01/07/2005,58.98366796,62.88449091,58.30032885,67.08758132,71.10181887,54.0430618,67.78286611,48.14712435,49.31006989,51.34310982,47.95069092,47.40208215,43.59016483,55.25124924
15/07/2005,59.02044986,62.92740428,58.33094011,67.14232008,71.14466876,54.07477561,67.85678492,48.16762675,49.37906582,51.29888127,48.08927051,47.39246093,43.57308529,55.25629355
01/08/2005,59.06293037,62.99029178,58.37951982,67.21890462,71.19433975,54.49008119,67.82193562,48.15593778,49.05742595,50.15530947,48.27454914,47.57325318,43.82437246,55.29907676
15/08/2005,59.0810623,62.99526908,58.38087729,67.22739467,71.26784572,54.69280379,67.69436992,48.20893461,49.14476494,50.18132002,48.3994697,47.60489878,43.85435836,55.33421425
01/09/2005,59.29139262,63.25957455,58.47894368,67.65286638,71.36937423,56.89155533,67.70136467,48.27481021,49.00860261,49.79333712,48.41869707,47.79620614,44.07697249,55.46498233
15/09/2005,59.32662036,63.33160232,58.55993466,67.71583017,71.47629013,56.89155533,67.7488845,48.21185621,48.74546244,49.5587844,48.13852255,47.85759516,44.16784043,55.46856389
01/10/2005,59.43800218,63.4112755,58.65574469,67.77940197,71.57005611,56.88906336,67.8106559,48.40547988,48.14058814,48.40847124,47.87089373,48.54698421,45.20304204,55.47961511
15/10/2005,59.4711577,63.48205808,58.71897108,67.85725523,71.68422244,56.88906336,67.88568992,48.33912456,47.77327567,47.24230763,47.99638391,48.66755106,45.38029523,55.48903847
01/11/2005,59.86902392,63.54894436,58.76543202,67.94379428,71.75196678,56.88906336,68.0224941,49.61033326,47.26600527,46.52764515,47.61794738,51.04256944,48.92942181,55.56118614
15/11/2005,59.89648084,63.60556728,58.84077108,67.98189746,71.7994362,56.88906336,68.06680522,49.55913003,47.09179808,46.33091775,47.45798903,51.06777447,48.93895481,55.61751464
01/12/2005,60.14514723,63.72669096,58.92791237,68.13567547,71.87333209,56.8890642,68.35186118,50.14448997,48.02306861,48.48008597,47.63714409,51.4380502,49.47572315,55.66146171
15/12/2005,60.35495949,63.78709381,58.96618596,68.21742291,71.9309156,56.89144251,68.48593034,50.7477593,49.5175318,51.74141812,48.04016138,51.48761269,49.54529091,55.67184779
01/01/2006,60.54767595,63.85506463,59.0742114,68.24599025,72.06752103,56.99154943,68.38815215,51.26814378,49.96218549,52.79058148,48.11153699,52.05477791,50.22753705,56.01555607
15/01/2006,60.65957582,63.93637734,59.14765609,68.3346324,72.2538823,57.07033027,68.39136283,51.46026001,50.30452597,54.23402168,47.77497754,52.1535155,50.34193073,56.08403949
01/02/2006,60.70205633,64.06666882,59.26022951,68.48165825,72.39961551,57.18674445,68.54982509,51.26906437,50.15686391,53.59692973,47.92907119,51.93537686,50.01229193,56.08464494
15/02/2006,60.69065912,64.14245299,59.32646416,68.56643764,72.51642494,57.25042366,68.61298667,51.02725678,49.59843543,52.03291174,47.99118896,51.89030176,49.93768549,56.09759109
01/03/2006,60.71552576,64.27498674,59.41814158,68.73828783,72.73169487,57.26148877,68.80737179,50.76794076,48.70505113,49.81927915,47.91287437,52.02485742,50.08033292,56.21707468
15/03/2006,60.82949786,64.44247074,59.51636202,68.97267293,72.89315689,57.31272133,69.17739268,50.73827485,48.33440625,49.20544088,47.69281582,52.20694931,50.35577126,56.21603334
01/04/2006,60.84503951,64.5713286,59.58443508,69.16032098,73.04756753,57.34308835,69.45517014,50.45428507,48.0806111,48.62661117,47.63975793,51.90434393,49.88546816,56.24259423
15/04/2006,60.87767697,64.58298831,59.59744927,69.17060762,73.20235872,57.3771759,69.32542164,50.54292432,48.10391515,49.28022167,47.27481241,52.03351343,50.06350306,56.27612512
01/05/2006,60.57979536,64.62032807,59.62813792,69.21427941,73.34983222,57.40176022,69.28242475,49.36096781,48.54619349,50.09199808,47.48855893,49.8434886,46.74979098,56.29063752
15/05/2006,60.60155367,64.70859778,59.69443444,69.32362041,73.50833211,57.473372,69.36098293,49.20628806,48.19515358,48.96580391,47.61569163,49.81081954,46.67969295,56.33167178
01/06/2006,60.64610639,64.82026503,59.78630336,69.45413396,73.67417637,57.52002368,69.49127106,49.07198063,47.66372287,47.69246719,47.54234863,49.92318453,46.84034093,56.3494349
15/06/2006,60.64040779,64.89935433,59.78177223,69.61452566,73.79184226,57.53779635,69.74487808,48.84137266,47.05739438,46.67999991,47.18747541,49.92600386,46.8407314,56.35707041
01/07/2006,60.7771743,65.0011737,59.83234463,69.76593993,73.8917628,57.57148677,69.9876357,49.07051307,47.35345882,47.23049984,47.32619183,50.11347645,47.08697654,56.42973141
15/07/2006,60.84141312,65.05386474,59.87146656,69.83165103,73.94782198,57.56935602,70.08819225,49.16394775,47.55940893,47.93269119,47.22606443,50.13699607,47.07547433,56.52257997
01/08/2006,61.02169626,65.13657016,59.96605064,69.90239955,74.03994743,57.99274655,69.99845675,49.60065577,48.369031,49.26104752,47.71444273,50.34192168,47.24486817,56.79906798
15/08/2006,61.21752104,65.14507526,59.97398134,69.91142857,74.11425508,58.10598536,69.90699442,50.29054483,50.09357876,53.22838432,48.05393016,50.38897286,47.29233523,56.84561581
01/09/2006,61.58482202,65.45157911,60.17741324,70.31724037,74.16461201,60.13413614,69.98306764,50.81604084,51.3362042,55.78675466,48.48349987,50.46889081,47.40037761,56.87052678
15/09/2006,61.88840224,65.54273705,60.30356838,70.37383222,74.23875695,60.13413614,70.04559217,51.6786702,53.71684092,61.28865419,48.9366068,50.38844674,47.27654051,56.87524244
01/10/2006,62.06298677,65.61641621,60.41362775,70.41167075,74.27925596,60.13413614,70.09558964,52.11937243,53.96840632,61.91171317,48.95882617,50.94639129,48.10424711,56.90416436
15/10/2006,61.95056884,65.68056764,60.49617319,70.45758431,74.30721222,60.13413614,70.17537966,51.54044341,52.65572812,58.37103043,49.02120686,50.82338636,47.91176997,56.91753921
01/11/2006,62.26761849,65.7667504,60.61999121,70.50664681,74.32897134,60.13413614,70.26796643,52.4660975,51.5482788,55.58459846,48.95023344,53.0111328,51.20296598,56.94070351
15/11/2006,62.39661418,65.87422529,60.73638891,70.60494337,74.47395928,60.13413614,70.36194263,52.65011887,51.69019821,55.77356193,49.06287024,53.22121156,51.51686573,56.94715045
01/12/2006,62.63750974,66.05860253,60.90049042,70.80831761,74.54654391,60.13413614,70.76163062,53.03983449,52.49580615,57.370186,49.37954772,53.35247812,51.69101997,56.99459894
15/12/2006,62.7473374,66.10334259,61.02357862,70.77636588,74.6224466,60.13871707,70.61820879,53.3200641,53.14167226,58.34082065,49.82398764,53.40551891,51.70335854,57.12838729
01/01/2007,62.95455939,66.31651297,61.31722445,70.91003672,74.77115015,60.2250851,70.75539272,53.51070139,52.84341802,57.38483179,49.9314737,53.89966123,52.10383078,57.81087326
15/01/2007,63.07785648,66.45899169,61.44064286,71.07050749,75.01179219,60.27360621,70.88594756,53.58203119,52.98740445,57.17093572,50.29556288,53.92583828,52.03387282,58.02709899
01/02/2007,63.16696193,66.600846,61.55601882,71.23759939,75.17562147,60.3901264,71.07393334,53.53003899,52.89245496,56.74188167,50.40659129,53.90054671,51.91027713,58.19579224
15/02/2007,63.21824938,66.67970564,61.61798931,71.33260719,75.26214147,60.46347017,71.18398765,53.5074145,52.67662102,56.04017477,50.49047066,53.99791364,52.02832915,58.2529632
01/03/2007,63.26953682,66.77277727,61.701127,71.43497437,75.37666514,60.47496631,71.3102003,53.44821644,52.65502976,56.09493225,50.421904,53.91539034,51.89422686,58.27175331
15/03/2007,63.38920752,66.90053498,61.77367321,71.61608538,75.47560578,60.51566929,71.61898234,53.54532081,52.79527007,56.38911315,50.46702895,53.9856617,51.98575009,58.30052612
01/04/2007,63.25658545,66.92774545,61.84491851,71.60018298,75.57256036,60.54966884,71.48156832,52.99178131,52.83728753,56.40980801,50.52208737,53.06255164,50.58634171,58.3118902
15/04/2007,63.32600481,67.00421234,61.95441101,71.64407253,75.6914113,60.58027817,71.4625086,53.04127883,52.92604395,56.13962578,50.83171716,53.08764635,50.61056737,58.33887099
01/05/2007,63.00170239,67.06976602,62.04313465,71.68671911,75.77108253,60.6004431,71.48012501,51.68807734,51.74306321,52.49258182,51.16889917,51.62938259,48.40505569,58.34660354
15/05/2007,62.96336633,67.12709501,62.07880823,71.76494334,75.8183311,60.64797932,71.59750116,51.39624715,50.94542154,50.15998908,51.31835207,51.65179365,48.42803442,58.36804491
01/06/2007,63.01517182,67.23414711,62.18361885,71.87371958,75.87542766,60.74595475,71.75581064,51.30243408,50.52191362,49.06876744,51.30700291,51.76276155,48.5768221,58.40506688
15/06/2007,63.10168701,67.34620695,62.28085235,71.99976944,75.94534888,60.79072901,71.96321836,51.3198669,50.52849635,49.05046646,51.32889692,51.78692387,48.5836083,58.46371128
01/07/2007,63.25658545,67.46254427,62.37972642,72.13265289,76.01842926,60.80752821,72.19453358,51.57538254,50.94305162,50.46431915,51.12709412,51.94355651,48.81428402,58.47516376
15/07/2007,63.39542418,67.52656759,62.45664984,72.18380303,76.0897921,60.83733369,72.23526601,51.91162164,51.79894793,52.57262962,51.20978056,51.95693524,48.81279388,58.51799972
01/08/2007,63.52493793,67.64291757,62.56156702,72.31081104,76.18163393,61.4003148,72.21895123,52.07377385,51.91789361,52.47532126,51.46165605,52.14584114,49.04577073,58.62114016
15/08/2007,63.64357252,67.71147907,62.67499676,72.33526658,76.30373249,61.53721611,72.11022616,52.3256403,52.57364265,54.08729653,51.52704946,52.1467819,49.0251932,58.66458703
01/09/2007,64.03988458,67.96199617,62.81221425,72.69532059,76.39672529,63.54308823,72.05200876,53.10343894,54.29076056,57.98742078,51.89594272,52.34090551,49.30850421,58.68387308
15/09/2007,64.1155206,68.03982768,62.91750982,72.74599903,76.47554972,63.54308823,72.09678294,53.1731509,54.46027769,58.39006718,51.92150936,52.3486066,49.307889,58.70805137
01/10/2007,64.32015232,68.16586677,63.11314292,72.80354103,76.50044451,63.54308823,72.20593563,53.58387438,53.91244454,56.72862007,52.06073048,53.35438677,50.80491378,58.75039649
15/10/2007,64.33413981,68.28163636,63.24711635,72.90103449,76.60317093,63.54308823,72.33622137,53.32777419,53.22507995,55.32921556,51.81339859,53.36621805,50.8013712,58.79267194
01/11/2007,64.74806574,68.36453876,63.38996051,72.92505119,76.66566924,63.54308823,72.33474503,54.61411639,53.91790765,57.10616236,51.83702219,55.02051445,53.28763155,58.81497853
15/11/2007,64.81437677,68.39241864,63.4555637,72.91597775,76.73488492,63.54308823,72.25151386,54.78210759,54.33261529,57.9656243,51.9769085,55.03521801,53.30262103,58.8292168
01/12/2007,64.9418183,68.598755,63.6384992,73.14426718,76.77770349,63.54641907,72.73373657,54.69825142,53.92180899,56.61596472,52.14522524,55.15443365,53.46122844,58.87143749
15/12/2007,65.15681112,68.68088727,63.7957123,73.15273557,76.87794941,63.55865224,72.6577563,55.26346083,55.33002496,59.2693274,52.78350596,55.195878,53.45832032,59.00076047
01/01/2008,65.33502203,68.84767089,63.98637311,73.29548241,77.11742313,63.72799255,72.70076494,55.47143895,55.30362325,58.72439451,53.07651939,55.54930431,53.79790459,59.38391463
15/01/2008,65.36610533,69.02735292,64.05127119,73.58645791,77.34954534,63.79240782,73.13120879,55.10916672,54.14289282,56.27498653,52.71199608,55.68303677,53.82331155,59.73249966
01/02/2008,65.44847607,69.14104944,64.19656413,73.66881104,77.5996673,63.87558597,73.06073218,55.10641962,53.52118429,54.60401915,52.7378669,56.06465835,54.01746553,60.48695929
15/02/2008,65.64119252,69.32671569,64.38997769,73.84610752,77.76531087,63.88395798,73.3134409,55.31766176,54.02630597,55.02274377,53.29510092,56.09330461,54.03702058,60.53375481
01/03/2008,65.95461579,69.54503247,64.57471062,74.09626786,77.90580119,63.93859266,73.73712307,55.88003808,54.64187346,55.99229021,53.69131775,56.62238276,54.48140939,61.23367535
15/03/2008,66.08464759,69.59791868,64.7145249,74.06404964,77.98995553,63.95356653,73.58150945,56.21311646,55.40413932,57.69329368,53.87376736,56.68878285,54.48879901,61.41707306
01/04/2008,66.12350171,69.76454423,64.91594624,74.19597835,78.15257563,64.00143482,73.71746097,55.91282396,55.99989284,58.85298888,54.12089954,55.83219951,53.12579254,61.55491169
15/04/2008,66.21675161,69.92554777,65.14754504,74.2873555,78.33627962,64.04703783,73.74252352,55.82605289,55.76261906,57.87676783,54.33925143,55.83892998,53.12629116,61.57399588
01/05/2008,66.04164903,70.10152292,65.38135428,74.40609908,78.50807916,64.07206825,73.84911353,54.72405465,55.15822323,56.01528898,54.51039394,54.42845021,50.99517201,61.57728219
15/05/2008,66.15562112,70.25460124,65.5671745,74.52654471,78.63077235,64.09554568,74.00453954,54.73344421,55.16971964,55.76346614,54.68404081,54.43652698,50.99454299,61.60260792
01/06/2008,66.34419313,70.4334928,65.76308643,74.68804183,78.74154668,64.15605967,74.2498944,54.94597285,55.25875425,55.87308799,54.76020231,54.72564294,51.4193571,61.6256673
15/06/2008,66.40066113,70.58186354,65.82239361,74.92272897,78.85190774,64.22125246,74.66117853,54.75712285,54.76580336,54.78999277,54.63178708,54.72572551,51.41725664,61.63006201
01/07/2008,66.65502612,70.74562697,65.94614849,75.1248456,78.97108645,64.28775833,74.98947838,55.24991858,55.47135381,55.96245796,55.04823521,55.08616915,51.82273534,61.90399558
15/07/2008,66.82961065,70.83566697,66.03799965,75.21272661,79.06390315,64.31437398,75.09613415,55.64658603,56.2225588,57.50249293,55.3119745,55.26248479,51.84970448,62.37647029
01/08/2008,67.03579653,70.99568489,66.26256243,75.3090299,79.13284825,64.91136041,75.01672528,55.97237812,56.30651723,56.93054107,55.79971831,55.73829785,52.45873152,62.59239514
15/08/2008,67.21970605,71.1704026,66.52247118,75.39981067,79.2630463,65.05100453,75.05131295,56.17970119,56.25614728,56.36074832,56.06936478,56.10554661,52.46316451,63.67870664
01/09/2008,67.51396128,71.45570344,66.68248048,75.80620624,79.33396492,67.19799324,75.06289152,56.49517459,56.62584925,57.09478573,56.21387239,56.38719491,52.79784669,63.85751417
15/09/2008,67.65590835,71.54023073,66.77437964,75.88316906,79.40450244,67.20953551,75.17067831,56.78772712,57.14100031,58.17181702,56.38184705,56.54137758,52.90991758,64.09591204
01/10/2008,67.98539132,71.63947522,66.8738288,75.98178318,79.55809007,67.20953551,75.25761854,57.7238646,57.44687653,58.81505801,56.47927869,57.86845485,54.87360156,64.1746284
15/10/2008,68.10506202,71.76583379,66.92997339,76.17614926,79.83205396,67.20913094,75.45509056,57.82547097,57.59317832,58.39730829,56.97265545,57.94225767,54.94113832,64.26130591
01/11/2008,68.74796825,71.98097841,67.22238387,76.31491955,79.96442763,67.20907607,75.6530556,59.59389105,58.94682855,60.95812859,57.57987852,59.96740476,57.84206501,64.5704319
15/11/2008,68.88991531,72.07723228,67.39390931,76.33726205,79.9895718,67.20851064,75.68169157,59.85639399,59.66001863,62.28989847,57.91054081,59.94991192,57.81191855,64.57781237
01/12/2008,69.20282052,72.37689893,67.74027348,76.59003409,80.04907955,67.21476212,76.20369072,60.1998204,60.49297063,63.32137265,58.61941345,59.98918589,57.84745076,64.62474201
15/12/2008,69.3882842,72.50439532,67.98226589,76.60518553,80.09356356,67.21476212,76.19819596,60.53870769,61.46222952,64.82768718,59.25579743,59.93645929,57.65562733,64.84638255
01/01/2009,69.4918952,72.70068895,68.34781814,76.63536653,80.17650308,67.27357707,76.16897301,60.39496332,60.9949477,62.81058693,59.74404827,59.99369622,57.26409075,65.79035668
15/01/2009,69.42040361,72.81694874,68.46126478,76.75386869,80.39861805,67.45942973,76.1656229,59.82845678,60.13122092,60.13833256,59.99605261,59.61202854,56.59866357,65.9665518
01/02/2009,69.5390382,73.01752617,68.70723747,76.90925287,80.61323077,67.62750802,76.26048639,59.72942109,59.68139143,58.28884905,60.40923319,59.73087834,56.66455769,66.19079486
15/02/2009,69.67994916,73.17702147,68.91657984,77.01938646,80.80028029,67.64076434,76.33829333,59.81902139,59.78285395,57.72754576,60.91866528,59.81306997,56.75639786,66.25448572
01/03/2009,69.89546003,73.37419527,69.15933585,77.17119925,80.96591966,67.66162607,76.52774631,60.08208301,60.50616401,58.56498252,61.5701127,59.79019772,56.71329268,66.27142016
15/03/2009,70.12444033,73.57350261,69.36379433,77.36461248,81.08402485,67.69114259,76.85182347,60.38734498,61.22421598,60.06385926,61.80570139,59.83897774,56.77701384,66.29102098
01/04/2009,70.22442494,73.74273838,69.62953482,77.43888861,81.08579314,67.7046592,77.01475384,60.30282741,62.53445926,63.23801748,61.96512991,58.88837106,55.31198774,66.34999354
15/04/2009,70.28555543,73.82686405,69.81256897,77.42607687,81.13454384,67.72269425,76.93426795,60.30191267,62.60347311,63.28897131,62.04511662,58.84403186,55.23066802,66.378391
01/05/2009,70.04465987,73.88995625,70.04660034,77.32199344,81.20277542,67.74894442,76.6241544,59.25914684,62.84074724,63.96862386,62.00941862,57.00687235,52.46050768,66.37153832
15/05/2009,70.05657513,73.97316858,70.15446841,77.38077138,81.24403698,67.81160151,76.69643785,59.08221375,62.25812119,62.37145672,62.05290462,57.08195359,52.57840797,66.36255721
01/06/2009,70.15086114,74.07762364,70.31896343,77.42615135,81.31162204,67.81906139,76.7362698,59.14818179,62.44268309,62.84623601,62.05832336,57.07424498,52.56577729,66.36451785
15/06/2009,70.20784719,74.15816393,70.35132037,77.55338759,81.36135146,67.84127815,76.97358977,59.14250016,62.40038182,63.39417069,61.65259421,57.09130641,52.57653887,66.39413713
01/07/2009,70.34875814,74.31252119,70.45697004,77.75463245,81.43224112,67.89257339,77.34953307,59.24704618,62.65951664,64.58402517,61.33794529,57.09980504,52.5837273,66.40528093
15/07/2009,70.3917567,74.37717838,70.53796581,77.80305646,81.49002513,67.915148,77.39916259,59.2332625,62.59334163,64.5831127,61.23171971,57.11856227,52.52819671,66.5708873
01/08/2009,70.46946495,74.43907702,70.68819996,77.77843737,81.53130883,68.17837751,77.20087884,59.35042569,62.27512348,64.18341616,60.96437536,57.50603623,52.86315451,67.06470271
15/08/2009,70.60830369,74.47934917,70.74121673,77.80609118,81.59966017,68.3913019,77.11774374,59.74892157,63.32299755,67.0982243,60.86014588,57.50108705,52.73935204,67.29446156
01/09/2009,70.88649921,74.70390616,70.92277942,78.07165287,81.68124127,69.97882341,77.02008995,60.16741813,64.4334857,69.74994226,61.018992,57.48966666,52.6853962,67.36697371
15/09/2009,70.89893253,74.80328661,71.06174551,78.13195149,81.77209309,69.98040564,77.07538396,59.94959118,63.85547279,68.88761863,60.61734018,57.49561417,52.68445434,67.38656831
01/10/2009,71.14449059,74.96939942,71.21330194,78.31155626,81.83790313,69.98040564,77.42681581,60.40243496,63.10928567,66.8687444,60.65661019,58.69282618,54.47469646,67.42060762
15/10/2009,71.06989067,75.02069845,71.29002427,78.3378099,81.86284634,69.98041075,77.46435272,59.99600129,62.00909262,64.2490379,60.4946619,58.7174015,54.49218996,67.45933602
01/11/2009,71.44340832,75.08532368,71.37718582,78.38015073,81.89265603,69.98041075,77.5342974,61.1832779,61.73573541,63.59303222,60.45756829,60.81114969,57.64711622,67.47135511
15/11/2009,71.5092013,75.12048035,71.39710005,78.43003732,82.03235389,69.98041075,77.52231397,61.32975917,62.10715833,64.18251176,60.69388464,60.81787542,57.63972933,67.50599948
01/12/2009,71.6910386,75.38114576,71.55023249,78.79456516,82.14488895,69.98985222,78.25081414,61.30254477,61.81842508,63.25982193,60.79622636,60.9530739,57.8458299,67.50207652
15/12/2009,71.8521537,75.52335348,71.72691496,78.90249545,82.23959344,69.98985222,78.41221428,61.51085449,62.161148,63.45406838,61.22964888,61.07781577,57.97618743,67.61657039
01/01/2010,72.38989477,75.89452887,72.21907694,79.1539315,82.51732533,70.14112235,78.67649708,62.48536245,63.08518519,65.44319508,61.49569921,62.08320261,58.61402032,69.35469186
15/01/2010,72.71419719,76.14391503,72.416435,79.45303508,82.72451819,70.30793067,79.10730635,63.00471925,64.04648879,67.82383223,61.58075984,62.32786926,58.61889904,70.07460619
01/02/2010,72.84681926,76.27021329,72.57952118,79.54286638,82.87314848,70.39704683,79.14318324,63.15326702,63.65769835,66.74632718,61.61698688,62.81002682,59.03826999,70.68402991
15/02/2010,73.09652176,76.39634668,72.67674333,79.696681,83.05831905,70.42337697,79.31740983,63.72819927,64.61506269,68.84291129,61.87063585,63.14720045,59.1264061,71.51534495
01/03/2010,73.43066722,76.52624437,72.76127463,79.8703101,83.12606774,70.44245608,79.64583369,64.59908803,66.4575493,73.47722459,61.98965928,63.41432536,59.46006246,71.65287249
15/03/2010,73.54878376,76.67603287,72.82280209,80.10562527,83.18759423,70.47061176,80.11736637,64.63250664,66.36301233,73.57355849,61.77777264,63.52718694,59.52579501,71.85957928
01/04/2010,73.32239373,76.65356487,72.92997153,79.95667909,83.19919279,70.48915829,79.75881527,63.86783106,65.74706415,72.1488826,61.66125077,62.67051667,58.06573781,72.188839
15/04/2010,73.18873555,76.71381215,73.01887685,79.98868381,83.29446314,70.50494377,79.73975089,63.22331699,64.02915328,67.53126963,61.73297141,62.69287479,58.09593523,72.19586521
01/05/2010,72.79501376,76.83708083,73.15145516,80.10232797,83.39309491,70.53615193,79.89826253,61.4653047,62.90300568,64.46263963,61.80562699,60.54331734,54.81354093,72.26918948
15/05/2010,72.79242349,76.88791876,73.14635095,80.20756626,83.52403693,70.57785472,80.00420758,61.3215943,62.39355393,63.54019603,61.55164051,60.62679603,54.91855302,72.31070287
01/06/2010,72.76082213,76.91077326,73.12367869,80.27477312,83.61813596,70.61131306,80.05969329,61.14530125,61.70126541,61.931514,61.42525455,60.77101349,54.96544818,72.64811187
15/06/2010,72.78154433,77.02588099,73.14001072,80.48582432,83.6585515,70.6468211,80.49185457,60.91566881,60.93620039,60.84634084,60.85900469,60.87398711,55.12341035,72.64317631
01/07/2010,72.88929977,77.13363781,73.11405513,80.72366806,83.72636199,70.6751505,80.96342994,61.02216781,61.07192464,61.65151927,60.5821242,60.96228701,55.21936184,72.71696081
15/07/2010,72.96959829,77.12377278,73.08160836,80.73589422,83.78844212,70.73610615,80.91111454,61.34073016,61.75943605,63.32707999,60.65961143,61.05158528,55.35209848,72.72106964
01/08/2010,73.0846065,77.19090407,73.21227408,80.74070041,83.85679573,71.14901355,80.6961674,61.58145214,62.01448525,63.3262495,61.07169941,61.28329589,55.65012915,72.82336098
15/08/2010,73.17837445,77.21589646,73.26097222,80.7424385,83.91851699,71.47192098,80.51598819,61.85753901,62.50553591,63.61379162,61.6870207,61.42576179,55.84057855,72.87202
01/09/2010,73.47314773,77.47139692,73.39146101,81.1188897,83.98313998,73.23750248,80.61646659,62.25265511,63.2542637,65.3380027,61.83333042,61.60110176,56.08422276,72.91364077
15/09/2010,73.55707264,77.49421883,73.50112594,81.05682067,84.03169233,73.23750248,80.43066286,62.49785923,63.72517847,66.63501716,61.79443512,61.70602591,56.23869759,72.92140897
01/10/2010,73.9119403,77.58626963,73.71425593,81.03025259,84.08405882,73.23750248,80.32262248,63.54417802,64.33372177,67.90377979,61.99503292,63.02370089,58.21804559,72.94115222
15/10/2010,74.0259124,77.6756202,73.81639812,81.10672603,84.14100958,73.23752804,80.4461347,63.72287535,64.65773733,68.63316081,62.06868354,63.11207253,58.34032596,72.96314971
01/11/2010,74.53049795,77.81888506,73.99845997,81.21148871,84.18753861,73.23752804,80.64377385,65.1799189,65.18168041,69.84435326,62.16821762,65.14786788,61.39556697,72.99924789
15/11/2010,74.5931826,77.81100579,74.04625192,81.14928724,84.25039129,73.23671321,80.44508335,65.42789269,65.58954368,70.8949195,62.17936,65.29643452,61.57679108,73.08431861
01/12/2010,74.73720189,78.0484993,74.20752714,81.46016864,84.3165011,73.23671321,81.09653129,65.32396321,65.30726262,69.89899448,62.33721847,65.30330851,61.5608252,73.13634902
15/12/2010,75.12470701,78.25314707,74.54805523,81.53125752,84.40369907,73.24309945,81.17789448,66.19164192,67.30372338,74.55067756,62.6940143,65.46961547,61.71927417,73.31930012
01/01/2011,75.255424,78.41626823,74.8788095,81.54442932,84.50306134,73.39630094,81.06303173,66.23287826,66.51219119,72.47968223,62.71945888,65.97506544,62.15017425,73.98291894
15/01/2011,75.33655869,78.59995553,74.96294011,81.81704717,84.59809621,73.53667798,81.55063823,66.02609414,65.7391994,70.78311857,62.5361395,66.08426677,62.25854352,74.09360828
01/02/2011,75.49131558,78.77499844,75.23716079,81.90333998,84.68296982,73.56338117,81.65668498,66.12482606,65.68497492,69.99207689,62.9525087,66.26812129,62.47317401,74.2111158
15/02/2011,75.6656049,78.87317458,75.40407073,81.9400193,84.75871953,73.57373364,81.66311998,66.51016167,66.5473711,72.0447423,63.05491668,66.38689668,62.64365724,74.21892828
01/03/2011,75.70241601,79.0612737,75.60440198,82.11709891,84.83471235,73.58719804,81.98993053,66.12489517,65.11547622,68.52901856,62.95357075,66.58573032,62.95182298,74.18327979
15/03/2011,75.7437346,79.05745118,75.76455772,81.96666845,84.96858777,73.60906005,81.5071686,66.29205958,65.46477741,69.17643595,63.11256197,66.65109391,63.12189191,74.02441907
01/04/2011,75.67537112,79.09788606,75.90586487,81.91689764,85.03433765,73.64069416,81.31881625,65.91983692,67.08404956,73.41499454,63.05933843,65.16916575,60.92452999,74.07735004
15/04/2011,75.76026203,79.14008661,75.98784616,81.92351241,85.10814459,73.66074732,81.25529096,66.1232833,67.49284318,74.2357858,63.20510217,65.25781531,61.04841576,74.09036346
01/05/2011,75.19231925,79.19631633,76.08435081,81.9437083,85.18162234,73.66290073,81.22874329,63.81517996,65.67371322,69.22436344,63.42439348,62.68066194,57.16519697,74.31484024
15/05/2011,75.12545826,79.32339586,76.23734111,82.04756546,85.30247952,73.68464351,81.34123014,63.20787855,63.70184131,64.07891853,63.47894364,62.835059,57.36804559,74.36514685
01/06/2011,75.08413967,79.35535824,76.25150117,82.09543042,85.37877079,73.70886954,81.3684537,62.96294591,62.79050259,61.86435969,63.39972166,62.96203228,57.51156541,74.45637368
15/06/2011,75.22612537,79.47109234,76.39497577,82.18631123,85.42147278,73.74607251,81.52315734,63.17656184,63.18956599,62.90231108,63.3908364,63.07193003,57.65952551,74.48453103
01/07/2011,75.46351944,79.58459365,76.41619502,82.38226995,85.45600704,73.76207503,81.93312528,63.75806877,64.47076743,65.56720211,63.78862903,63.26245358,57.87154776,74.62854129
15/07/2011,75.56944528,79.59867936,76.34464704,82.4729128,85.53117949,73.80704784,82.05299746,64.12098969,65.29491472,67.00020425,64.2241297,63.36767656,57.99127717,74.70244151
01/08/2011,75.63405253,79.66865837,76.37775629,82.57582542,85.55440648,74.66680566,81.99944464,64.17068389,65.21769389,66.29155026,64.55018676,63.48805062,58.1325064,74.77786717
15/08/2011,75.63705752,79.7053731,76.51936681,82.51873876,85.61300352,74.87640552,81.74620122,64.07803145,64.74332431,64.77164381,64.74347336,63.60835231,58.29799327,74.80115909
01/09/2011,75.79707314,79.87845969,76.67198708,82.71004748,85.68419083,76.23165321,81.69446165,64.20212849,64.80411301,64.56092028,64.97769547,63.76755312,58.5239803,74.81702393
15/09/2011,75.84440171,79.91945738,76.70850875,82.75502899,85.73712174,76.30573942,81.722562,64.26810773,64.82685148,64.54239204,65.0267976,63.85753783,58.65570355,74.81745522
01/10/2011,76.30942364,80.08225127,76.92510396,82.86964836,85.81125969,76.3057372,81.91230574,65.57461136,65.01267317,63.88568448,65.75079943,65.78681952,61.47757768,74.83159433
15/10/2011,76.35675221,80.12989616,76.99891785,82.89387505,85.8597617,76.30912458,81.91912821,65.6196578,65.00143594,63.34132409,66.08006755,65.86317527,61.58575997,74.8396429
01/11/2011,77.09447683,80.32960987,77.16973355,83.11933775,85.92456962,76.30909447,82.37192071,67.85847122,65.65395439,64.03319788,66.70763334,68.9829138,66.14001778,74.88143174
15/11/2011,77.22218883,80.39955976,77.27437141,83.15824297,85.99215687,76.30502685,82.39593683,68.14775435,66.25331029,65.24258834,66.91752583,69.0988822,66.31002867,74.88144904
01/12/2011,77.61283731,80.67821414,77.57199614,83.41981335,86.04370815,76.30536332,82.94433314,68.85020813,67.77840719,67.52766712,67.95764797,69.34162103,66.65226425,74.91063395
15/12/2011,77.97193341,80.86432369,77.90230589,83.47691428,86.11096593,76.30888517,83.00799675,69.68985506,69.78218871,70.60895178,69.27378708,69.53095647,66.86587356,75.04752092
01/01/2012,78.21984494,81.02332134,78.2923114,83.42930232,86.19786308,76.49426386,82.75617744,70.18624927,70.72349589,71.45178738,70.2782537,69.77854189,67.05350837,75.4227261
15/01/2012,78.46625398,81.24304303,78.50204623,83.6578561,86.26570451,76.77927616,83.12472847,70.5046214,71.28127207,71.91741105,70.89504528,69.96295301,67.28101004,75.51443789
01/02/2012,78.52034377,81.45454173,78.85222126,83.74527375,86.36588171,76.81862543,83.21440768,70.12084766,70.08898272,68.7644939,70.95468322,70.03052675,67.4745458,75.31229621
15/02/2012,78.48353266,81.50181018,78.94425348,83.75249896,86.42524931,76.82036151,83.17213359,69.85000605,69.34866247,67.0158841,70.8581542,70.02184188,67.64951922,74.91064117
01/03/2012,78.52109502,81.63496989,79.05691172,83.90392985,86.50812244,76.82242684,83.43697533,69.62021079,68.69109299,65.4514844,70.77959665,70.03088945,67.78111631,74.65743213
15/03/2012,78.57293107,81.71961907,79.13720358,83.99243748,86.59076717,76.82272313,83.55846747,69.58070693,68.50137766,65.30084521,70.56486974,70.07519095,67.93859338,74.45944104
01/04/2012,78.24538734,81.74247425,79.2750583,83.9124638,86.67632096,76.82272313,83.29129882,68.27480584,67.87746095,63.75868567,70.52726374,68.39108937,65.46077053,74.4782602
15/04/2012,78.35582066,81.85815796,79.42744041,83.99528516,86.69433371,76.84982431,83.45491261,68.37081167,67.85148466,63.95772559,70.35756112,68.55495352,65.6882367,74.50558942
01/05/2012,77.98169962,81.97538326,79.5306388,84.12499991,86.78022355,76.93545036,83.6411551,66.62709741,68.04151262,64.29855714,70.45132357,65.7358455,61.55313143,74.51001172
15/05/2012,78.12593906,82.05977218,79.65097377,84.17721294,86.87998743,77.08373464,83.61684372,66.93612621,68.5809566,66.15531671,70.14954321,65.91593908,61.74555092,74.66324796
01/06/2012,78.31450207,82.14375248,79.85915786,84.15010809,86.95073297,77.11471475,83.47570458,67.41563691,69.53830429,69.13482477,69.81559627,66.12831152,62.04852756,74.68117612
15/06/2012,78.5128313,82.24552951,79.89939765,84.30685941,87.00782419,77.1537387,83.76658958,67.88369806,70.66171177,71.54176831,70.11951905,66.23028875,62.18850829,74.70156007
01/07/2012,78.81858886,82.41403822,80.08388954,84.4610035,87.08986914,77.17771052,84.03166935,68.57319349,72.25316814,72.26628384,72.26514332,66.41586869,62.45723669,74.70872133
15/07/2012,78.88920608,82.48722865,80.181947,84.51192853,87.16225089,77.22011766,84.06410515,68.63491265,72.13664083,72.16130724,72.14120568,66.576867,62.68802604,74.7199491
01/08/2012,78.99663441,82.61595994,80.40296628,84.55809018,87.22447434,77.86492138,83.90890296,68.68229608,71.88252451,70.89152004,72.53573203,66.79226665,62.97625624,74.77892856
15/08/2012,79.18444618,82.65530022,80.49288509,84.55219186,87.28451046,78.00706481,83.7923974,69.28549183,73.36104627,71.667244,74.46355087,66.90652919,63.15620196,74.75233576
01/09/2012,79.38202416,82.75324983,80.64791226,84.59906635,87.36187097,79.71802172,83.29353402,69.75988172,74.50927128,72.35193323,75.908162,67.00451771,63.27038014,74.81541911
15/09/2012,79.49621371,82.81060364,80.77525152,84.59382229,87.46168171,79.71802172,83.18353225,70.03228633,75.88767789,74.0037316,77.11234014,66.65989471,62.69143827,74.97311629
01/10/2012,79.85380732,82.94957931,80.91548424,84.73161272,87.51920354,79.71802172,83.44266039,70.99946545,75.59321155,72.98843968,77.2781859,68.32896358,65.12563181,75.0004959
15/10/2012,79.82751367,82.99136956,80.97150384,84.76066234,87.58169776,79.71802172,83.44784232,70.78402683,74.70101734,71.30361837,76.89199542,68.49115537,65.34623721,75.03725945
01/11/2012,80.45705872,83.13931857,81.25307317,84.78907885,87.66062122,79.71802172,83.4354445,72.75583203,74.45632931,70.37546613,77.08377058,71.6956394,69.94711657,75.24514474
15/11/2012,80.30906304,82.88744473,81.25652297,84.30903649,87.73898329,79.71802172,82.25900233,72.89810513,74.63030418,70.97338842,76.98701705,71.82001912,70.11257062,75.28130021
01/12/2012,80.52917844,83.10183379,81.5384336,84.46296126,87.81175308,79.7261123,82.53760784,73.13396986,74.82645247,70.77551206,77.43488618,72.07766262,70.48503796,75.29255283
15/12/2012,80.60730813,83.12563967,81.71090353,84.35383913,87.87888962,79.7261123,82.22175772,73.361267,75.36512946,71.36505618,77.9412258,72.13101186,70.53951559,75.34334467
01/01/2013,80.7312639,83.27281208,81.84587974,84.51185096,87.95648512,80.00181646,82.4220452,73.42111771,74.94498732,69.78980698,78.25873818,72.45837136,70.90794114,75.58195409
15/01/2013,81.05354889,83.66016614,81.79809691,85.28808111,88.07822395,80.244885,84.00510227,73.56139639,74.88136538,70.40629994,77.7607054,72.71211054,70.94964717,76.28872391
01/02/2013,81.24661939,83.86360084,81.93380258,85.55198119,88.16119778,80.31518463,84.50630143,73.72381482,74.86084358,71.06827031,77.30426653,72.97626972,71.13372131,76.72354225
15/02/2013,81.33601779,83.91891686,81.94961427,85.64259281,88.23516741,80.32037628,84.63961234,73.90959199,75.00010208,71.04172595,77.54946341,73.18769518,71.38993348,76.83856658
01/03/2013,81.75972114,84.13316624,82.11411576,85.9012262,88.3298657,80.32381828,85.13795898,74.91684401,77.18924366,75.44288658,78.3263936,73.53447877,71.82555578,76.99432377
15/03/2013,82.01514514,84.15414169,82.11180567,85.94301153,88.39772534,80.32765875,85.16585345,75.82545643,79.60839267,81.2699432,78.5695758,73.59955065,71.84801463,77.15040506
01/04/2013,81.93851794,84.19687713,82.23055527,85.91916663,88.45957904,80.33928662,85.04309268,75.40289479,79.77592642,81.06075738,78.97263814,72.82977282,69.80524952,78.96132925
15/04/2013,81.94452792,84.2251241,82.2314176,85.97139963,88.55950703,80.35369156,85.05812499,75.34532496,79.36576313,78.74934812,79.75115154,72.97967141,69.83603623,79.35270099
01/05/2013,81.66130777,84.34523957,82.34832932,86.09432125,88.62749393,80.38219727,85.26667819,73.89436105,79.01889305,76.57058236,80.54959969,70.87905107,66.68750081,79.37649821
15/05/2013,81.67633271,84.40928127,82.39563691,86.17302026,88.74163599,80.40805175,85.32540164,73.7685881,78.51102745,74.11822117,81.25745085,70.97810408,66.76793812,79.51329047
01/01/1900,81.63801911,84.46902451,82.43005614,86.25494464,88.85654023,80.4685714,85.38012914,73.44673127,76.85855674,70.36481413,80.9185051,71.43918964,67.27549806,79.88015942
15/06/2013,81.59970551,84.50212334,82.33791488,86.39774053,88.94545057,80.49409483,85.6145672,73.20144777,75.94202372,68.59410604,80.53601031,71.58887398,67.35019921,80.18185572
01/07/2013,81.59970551,84.53183973,82.28650074,86.49851866,89.02067176,80.52870076,85.76208131,73.11577504,75.3503549,67.63819401,80.17206972,71.80093284,67.65849553,80.1988143
15/07/2013,81.58392932,84.49669203,82.21497811,86.49523153,89.08455654,80.67272398,85.64420813,73.15451867,75.1377866,68.10384202,79.53547427,71.98755014,67.82066923,80.4349856
01/08/2013,81.79653224,84.58517792,82.42085764,86.48089305,89.1952001,81.45191843,85.25560834,73.72699443,76.15306496,70.61032056,79.61844038,72.2994778,68.23007481,80.5492982
15/08/2013,81.85212453,84.59609909,82.50930472,86.42390973,89.2541192,81.5156711,85.0422866,73.91234396,76.62894725,72.26177664,79.35934299,72.31387585,68.15598544,80.74308506
01/09/2013,82.12858345,84.85127339,82.80846068,86.64056076,89.30909884,83.25157202,84.95373393,74.24958661,77.04568378,72.62024081,79.81251194,72.60434375,68.57448405,80.77399881
15/09/2013,82.13684717,84.87803537,82.80047834,86.69775508,89.37320976,83.23796663,85.02578485,74.20293439,76.85976731,72.81892764,79.38613792,72.63963558,68.61152022,80.80575437
01/10/2013,82.46664463,84.99351602,82.91226114,86.81647466,89.44891683,83.23799227,85.22543281,75.15513223,76.13100632,71.90035357,78.77604982,74.58092119,71.49725807,80.83237062
15/10/2013,82.57933169,85.06184986,82.87084728,86.98093585,89.49161343,83.23799227,85.56580383,75.39405427,76.6683245,73.97796997,78.35035921,74.64426487,71.53025671,80.95723218
01/11/2013,83.2817477,85.15671458,82.8957378,87.13709054,89.57925766,83.24715299,85.8378197,77.85739567,78.46287685,78.43875194,78.47795997,77.50112637,75.76942226,81.01177595
15/11/2013,83.30203137,85.12861375,82.84660516,87.12741135,89.67330309,83.24715299,85.71872956,78.01710217,78.87206135,79.10945242,78.72364224,77.51403828,75.77903438,81.03137747
01/12/2013,83.63783881,85.38807167,83.0816206,87.40827828,89.7461467,83.24715299,86.300091,78.57295821,79.50112601,80.02771525,79.17189751,78.02681787,76.33994246,81.44658712
15/12/2013,83.90302903,85.45536702,83.25180603,87.38545283,89.79963473,83.24715299,86.1918992,79.411025,80.70351151,81.85623311,79.98281923,78.65051702,76.39078271,83.23163181
01/01/2014,84.47022057,86.04594386,84.19905573,87.66362207,89.90060084,83.50838895,86.65710931,79.90919386,79.94498852,78.45394485,80.87720291,79.88813203,77.76515614,84.19199919
15/01/2014,84.56788269,86.25385439,84.23664351,88.02071727,90.03168565,83.66201177,87.3091547,79.6879074,79.17916512,76.52454186,80.83886031,79.98725487,77.80452226,84.41226563
01/02/2014,84.66854979,86.35607006,84.31822902,88.14100277,90.12398944,83.82436565,87.44510251,79.7863857,78.7018384,75.46921798,80.72290279,80.42454081,78.41606104,84.49629223
15/02/2014,84.79701304,86.42904999,84.32959196,88.26795265,90.23871255,83.84600738,87.61724767,80.07467306,79.2983384,76.20859264,81.23007622,80.53147373,78.50876537,84.63207048
01/03/2014,84.94350622,86.52199321,84.43629097,88.34884726,90.31821695,83.84600738,87.72465076,80.37711598,79.76182557,76.95853721,81.51446756,80.73915711,78.86374671,84.54113961
15/03/2014,84.9863273,86.63424554,84.51996415,88.4861319,90.3746646,83.86247913,87.98232445,80.21694706,79.3649847,75.35380597,81.87281101,80.71824759,78.93622262,84.33091166
01/04/2014,84.82856542,86.86176078,84.64636558,88.80221211,90.45506023,83.87006399,88.63584303,78.94447719,78.8524483,73.18572038,82.39533937,78.99862762,76.33478304,84.3989872
15/04/2014,84.78574434,86.79841294,84.70368917,88.63316889,90.52793502,83.88020098,88.16306226,78.96063377,78.4905049,70.79640667,83.30092678,79.23726084,76.5049485,84.77642375
01/05/2014,84.47322555,86.84674251,84.81546502,88.62592624,90.61263712,83.93007436,88.04378515,77.60431996,79.13767216,69.91195322,84.90567758,76.70208495,72.65178869,84.91317065
15/05/2014,84.59868382,86.9763667,85.00173552,88.70593427,90.68127388,83.97139818,88.14745328,77.7169581,79.45133975,68.76695731,86.13131517,76.69643598,72.63424238,84.93164093
01/06/2014,84.6670473,87.07704084,85.08066545,88.82565404,90.77867392,84.05735244,88.30053996,77.69306497,79.07033531,67.89066056,86.0599721,76.8826696,72.90390002,84.94875068
15/06/2014,84.69709718,87.11546711,85.02796753,88.94389545,90.8400572,84.08147685,88.50629346,77.69787753,78.88175771,68.08192207,85.63391555,77.00127427,73.05588548,84.99968313
01/07/2014,84.86462528,87.23757786,85.00985148,89.18883,90.90217834,84.11074977,89.00564236,77.99700826,79.25786297,69.50238196,85.35708056,77.25511265,73.40424616,85.06189831
15/07/2014,84.96529239,87.28231807,85.02847336,89.25644709,90.96152402,84.15523653,89.08891681,78.25938946,79.92363905,70.605664,85.74932384,77.28013353,73.43394451,85.07743665
01/08/2014,85.12605926,87.41060741,85.37035796,89.19764964,91.03970755,84.82746358,88.66292993,78.51560957,80.43842224,70.52086362,86.63897226,77.38421334,73.55602773,85.14501852
15/08/2014,85.31311978,87.47982441,85.42555602,89.27914573,91.11171675,84.97156152,88.73474812,79.04253949,81.84925231,72.53845539,87.67044927,77.39105031,73.50682186,85.26547002
01/09/2014,85.5895787,87.68898143,85.62792911,89.49424477,91.19003349,86.8209638,88.58343646,79.51551603,82.83118197,73.85351619,88.44410224,77.56455532,73.76383033,85.26969012
15/09/2014,85.60310115,87.71385448,85.71593954,89.46381617,91.30289081,86.823183,88.39588976,79.49488714,82.72991881,73.32372718,88.61075743,77.5913722,73.79605333,85.28554727
01/10/2014,86.02905824,87.81539792,85.78079603,89.59749348,91.35659876,86.823183,88.65305482,80.85839191,82.62525033,73.21092527,88.51117404,79.81876023,77.11672369,85.29654561
15/10/2014,86.11019292,87.87957359,85.85120178,89.65621226,91.41355161,86.823183,88.73179165,80.9911016,83.10784067,74.58367138,88.43723071,79.74559774,76.97814004,85.35601013
01/11/2014,86.74499669,87.98980556,85.96043524,89.76731882,91.49472758,86.823183,88.90805347,83.14177579,83.87811661,75.62565667,89.03763144,82.70850778,81.3780842,85.40564924
15/11/2014,86.7833103,87.9886812,85.87935229,89.83622972,91.57477993,86.82321277,88.98689185,83.29526823,84.53541493,76.43921795,89.59723269,82.56555736,81.12642595,85.48308007
01/12/2014,87.14315764,88.17284767,86.05092293,90.0314288,91.66369507,86.82321277,89.35164997,84.16281182,86.60227411,80.86569417,90.18883732,82.72741538,81.35939467,85.50077677
15/12/2014,87.23556103,88.21414921,86.10704304,90.05975083,91.732159,86.82321277,89.34757249,84.40468228,87.40058254,81.18104874,91.289093,82.64187391,81.19529287,85.57449912
01/01/2015,87.07254042,88.13321361,86.2881335,89.74930818,91.82983289,87.01209748,88.46362604,84.00360005,86.04811358,76.43646962,92.05740292,82.80059418,81.21938613,86.00614605
15/01/2015,87.14691388,88.19564284,86.24378695,89.90526168,91.93209736,87.35960406,88.61526527,84.11337698,86.60471631,76.96998228,92.62844177,82.64745572,80.87868554,86.23324863
01/02/2015,87.23856602,88.44198025,86.55662545,90.09335119,92.0208407,87.4755381,88.92764542,83.75653411,85.76002909,74.37153848,92.8802195,82.57766385,80.74962688,86.28360714
15/02/2015,87.31143699,88.48637261,86.54019964,90.19101381,92.10926894,87.5256439,89.04952701,83.91211626,85.38162156,73.50037152,92.80988975,83.04744921,81.29375135,86.60268628
01/03/2015,87.46844762,88.61676072,86.65402386,90.33591014,92.1785918,87.54767476,89.31004905,84.14502221,85.2616612,73.72041333,92.47735688,83.48798413,81.94831046,86.60933418
15/03/2015,87.79223511,88.77556059,86.69398943,90.59879625,92.27161976,87.54767476,89.82870133,84.94837377,87.1415363,77.58436189,93.11677077,83.6579018,82.18663108,86.64057992
01/04/2015,87.3963279,88.79842225,86.89861531,90.46245172,92.36923209,87.56130305,89.40584257,83.33869153,86.67247078,75.78237093,93.48106264,81.37707282,78.77438702,86.6534464
15/04/2015,87.41210409,88.8700983,86.93144643,90.5681518,92.44410494,87.57516499,89.57164338,83.19331306,86.1815217,75.02845897,93.15452041,81.43503048,78.8268752,86.72249223
01/05/2015,86.94858465,88.90023713,86.95199181,90.60669349,92.49895645,87.59013873,89.60076052,81.30187885,85.43415693,74.8091008,92.07704099,78.87041792,74.99458369,86.7278202
15/05/2015,86.98539576,88.9739762,87.01670683,90.68833666,92.57766862,87.63618337,89.6964483,81.23119689,85.05191303,74.7273859,91.50690357,78.98306116,75.15500418,86.74360556
01/06/2015,87.10033656,89.08574173,87.17084127,90.76299153,92.65444559,87.66350061,89.78360369,81.35636296,85.26244834,75.27738623,91.50520218,79.05799538,75.24524426,86.78751051
15/06/2015,87.12512771,89.16014532,87.1604879,90.91163322,92.7301222,87.69895884,90.04219316,81.23487546,84.80863088,74.12954716,91.4852935,79.13205311,75.32465148,86.85072333
01/07/2015,87.20701364,89.24830212,87.11527682,91.11660617,92.78986891,87.76720772,90.43854475,81.29944809,85.00969235,75.64413309,90.86512723,79.11631478,75.32197971,86.8084954
15/07/2015,87.27537713,89.30517544,87.11966552,91.21945044,92.86243681,87.83346383,90.58379376,81.40118894,85.22208781,76.97617224,90.37751102,79.1529457,75.34970756,86.86317534
01/08/2015,87.37604423,89.41378927,87.35866419,91.21386097,92.9275898,88.65474801,90.24924904,81.47807733,85.10500376,76.47870744,90.49824456,79.34396881,75.47075375,87.19606128
15/08/2015,87.47370635,89.4982037,87.46955913,91.27508129,93.00190371,88.74987931,90.28652233,81.61435235,85.51965838,77.85561441,90.31129005,79.31644335,75.38501484,87.28655081
01/09/2015,87.75392151,89.74106199,87.76462142,91.47221439,93.06899967,90.52360775,90.12821795,82.00310691,86.35772003,79.48790042,90.65279525,79.44082251,75.42703761,87.57788947
15/09/2015,87.75091652,89.83446158,87.93266701,91.50023201,93.13409522,90.54181116,90.12124079,81.72024818,85.78629053,77.95563406,90.6820899,79.32776082,75.25212508,87.59021675
01/10/2015,88.15658994,89.97455997,88.10908683,91.60851668,93.16791495,90.54181116,90.339493,82.89462242,85.78910066,78.17736549,90.54802839,81.19149146,77.94161618,87.7798995
15/10/2015,88.25199832,90.05249095,88.20316936,91.67230061,93.2422418,90.5419419,90.41219746,83.04153804,86.43088089,80.32937755,90.24559761,81.04722533,77.70244572,87.82803106
01/11/2015,88.71176152,90.05434205,88.30768781,91.58422601,93.33120732,90.5419419,90.11519103,84.82593369,86.67667773,81.11763812,90.15224107,83.73694313,81.68672687,87.89330611
15/11/2015,88.65992548,90.03602064,88.33044632,91.52992293,93.41565642,90.5419419,89.90170652,84.67858981,86.29006157,80.36565303,89.99405698,83.7303887,81.66760824,87.91222283
01/12/2015,88.88830459,90.28066696,88.4711378,91.86562266,93.50880498,90.5452443,90.58930005,84.85879796,87.19106644,82.39933869,90.18689927,83.4864751,81.28587191,87.94771453
15/12/2015,89.2045796,90.36070646,88.54218941,91.9535346,93.57849552,90.5452443,90.72316317,85.86004074,89.80399104,88.75650021,90.45889206,83.53939318,81.37139648,87.93453012
01/01/2016,89.22861951,90.43131805,88.71254914,91.9367774,93.70013738,90.83681042,90.46882497,85.74822064,90.01114841,89.42507183,90.37756895,83.23988453,80.54005524,88.71319518
15/01/2016,89.54414328,90.55865534,88.75609811,92.13750438,93.84855052,91.07294556,90.71224139,86.60908147,91.73565353,93.68177783,90.5189185,83.59257111,80.84514346,89.16237698
01/02/2016,89.79956728,90.76338076,89.09994495,92.22037418,93.9448747,91.14166229,90.78569682,87.01213409,93.0188429,95.62935716,91.38672507,83.47774519,80.62662865,89.25775749
15/02/2016,89.7552437,90.87547981,89.22886048,92.31774378,94.04975193,91.16100782,90.89955667,86.51455856,91.94474794,92.58900689,91.54195124,83.31939767,80.36811575,89.30247329
01/03/2016,89.84163712,91.14860514,89.42982197,92.65407698,94.168225,91.16123405,91.56360364,86.06124249,91.00739575,90.11575374,91.56485865,83.1508918,80.11473135,89.30603997
15/03/2016,89.97761284,91.14089457,89.5091735,92.57010925,94.27170779,91.16123405,91.26129756,86.61100104,92.10560463,92.7588151,91.69721136,83.37793838,80.42242672,89.36958887
01/04/2016,89.6673478,91.27496631,89.72762621,92.6302722,94.36590617,91.17079651,91.30223324,85.0151107,91.00247778,89.26943256,92.0859938,81.49210261,77.89950922,88.7752963
15/04/2016,89.58395937,91.41653717,89.95467325,92.69697498,94.45052595,91.1827245,91.36753873,84.28061634,89.5671427,85.12610108,92.34372328,81.16998777,77.9252186,87.7480443
01/05/2016,89.15048981,91.49217167,90.02077401,92.78096003,94.55048421,91.1910575,91.45859382,82.37527023,89.31568178,83.98248577,92.65004561,78.29148419,73.61621841,87.76955826
15/05/2016,89.29998798,91.58982929,90.12127987,92.87612289,94.6332807,91.25067438,91.57746462,82.67340276,89.87090486,85.51956308,92.59140427,78.43834288,73.82267739,87.79559047
01/06/2016,89.32027165,91.73877619,90.30595394,92.99377658,94.74259649,91.28303351,91.73011858,82.32247418,88.51720135,83.13657918,91.88121645,78.67745398,74.16188859,87.83177063
15/06/2016,89.32778412,91.80891954,90.32552048,93.10821986,94.81834233,91.34166504,91.90156616,82.14763886,88.12732064,82.52762783,91.62830074,78.62915286,74.06150462,87.88905603
01/07/2016,89.57569565,91.91405973,90.31924907,93.31094481,94.94200536,91.44401174,92.21652315,82.80923353,87.93440318,82.30801595,91.45207289,79.79354835,74.9497783,89.6132278
15/07/2016,89.53888455,91.94698709,90.37476528,93.32408673,95.00718557,91.48834332,92.16660891,82.56968139,87.34794052,81.04948948,91.28579078,79.75812075,74.89267889,89.62173506
01/08/2016,89.81985095,92.06749236,90.61844551,93.33670379,95.07808985,92.23382512,91.89219693,83.31556213,87.41202832,81.47807373,91.12199201,80.90517316,76.57732895,89.67892637
15/08/2016,89.79881603,92.14194013,90.77710862,93.33738784,95.15483348,92.38110277,91.76939941,83.01854666,88.48484041,83.80935607,91.40799678,79.80214171,74.92851522,89.68234854
01/09/2016,90.2818679,92.47530315,91.15842608,93.62874787,95.20377135,94.39584035,91.7751049,83.93577618,90.58501958,87.72521672,92.37299497,80.0233155,75.24966102,89.70085104
15/09/2016,90.43361981,92.61149866,91.42161916,93.65370695,95.31363061,94.40112654,91.71906574,84.1305462,90.75765175,87.86064603,92.56888671,80.23111157,75.48818669,89.84634962
01/10/2016,90.87986057,92.76489691,91.60812275,93.77810844,95.40157852,94.40112654,91.91943656,85.42369268,90.62803085,87.55271245,92.55074857,82.3614242,78.63215973,89.92168849
15/10/2016,90.93244786,92.83940094,91.71073385,93.82799366,95.46009838,94.40112654,91.97593109,85.4129937,90.63213953,88.00539918,92.27440206,82.3420123,78.59472172,89.93882058
01/11/2016,91.63411263,93.05495256,91.90341723,94.06357542,95.54246829,94.40112654,92.44173579,87.52331545,91.24067628,89.11785873,92.56788158,85.3359947,83.05072878,89.96886923
15/11/2016,91.59955526,92.96589808,91.64549534,94.1224309,95.65453644,94.40112654,92.46424983,87.64517061,91.34094282,88.81605234,92.91952786,85.47055276,83.1917799,90.09026401
01/12/2016,91.98043753,93.40048192,91.97942137,94.64518031,95.76058172,94.40112654,93.57657521,87.87020678,91.76280636,88.76343862,93.638039,85.57977433,83.29257172,90.21657507
15/12/2016,92.09838332,93.45019664,92.20494987,94.5409008,95.84401683,94.40112654,93.24738855,88.18585589,92.58357886,89.7653702,94.34554917,85.59820536,83.30525104,90.24666642
01/01/2017,93.49194663,93.79275153,92.73834758,94.7162976,95.98389224,94.70194219,93.42033878,92.6214344,91.63837816,86.79406678,94.66708676,93.19987147,93.84960121,91.8826872
15/01/2017,93.71581826,94.13952241,93.15482935,95.00200914,96.17665244,95.01719095,93.79224963,92.48890509,91.08076386,85.31559488,94.6852012,93.3174651,93.85810567,92.22143516
01/02/2017,94.02833704,94.57520046,93.79587805,95.25780428,96.32513973,95.16504754,94.19159813,92.44764536,90.3003866,83.30541119,94.67371037,93.71110723,94.21121459,92.69724943
15/02/2017,94.26122363,94.79331026,94.15147604,95.355489,96.45844035,95.16636016,94.28262618,92.72072686,90.70318486,83.82522012,95.00335249,93.90786249,94.40505128,92.89992145
01/03/2017,94.59177234,95.0893502,94.56321001,95.55019322,96.58592239,95.17715321,94.60331653,93.15274861,91.97735976,87.21067098,94.95753798,93.84435552,94.19294673,93.13766343
15/03/2017,94.85245508,95.36368846,94.84347887,95.81933691,96.67629223,95.17715321,95.13931315,93.3745461,93.00019484,89.62856297,95.1081705,93.59481696,93.78419555,93.21089349
01/04/2017,94.70971813,95.61569369,95.16066889,96.01424717,96.75875019,95.17759469,95.50988406,92.0877451,93.48930681,89.9217547,95.71977362,91.26305652,90.14739221,93.52482076
15/04/2017,94.96814712,95.69396396,95.39095335,95.95936912,96.86988607,95.19470327,95.26237409,92.86757791,94.95264328,93.15319855,96.07767289,91.64071106,90.42539036,94.10450673
01/05/2017,94.64736463,95.83889874,95.63588061,96.0167211,96.94432479,95.22317769,95.31115081,91.20049888,95.17496334,93.19790152,96.41104081,88.86189658,85.56268072,95.55033179
15/05/2017,94.80362402,95.99731025,95.82928016,96.14448679,97.08443874,95.25139177,95.45711564,91.34919471,95.53963694,93.83757738,96.60378043,88.8835096,85.59305654,95.55418016
01/06/2017,94.94711221,96.16144717,95.99981112,96.3030232,97.16945892,95.27756982,95.73211065,91.43399515,95.56945763,93.84688568,96.64642565,89.0006605,85.75202259,95.58656004
15/06/2017,94.97941583,96.2586575,96.07098592,96.42303791,97.26895308,95.32400614,95.89599095,91.27932914,95.95244171,94.50180957,96.85939044,88.52963747,84.99924856,95.68672525
01/07/2017,95.20328746,96.43688002,96.10718499,96.72565792,97.36252716,95.38956572,96.48657185,91.63240402,97.12037101,97.09071049,97.13891505,88.40324639,84.75251302,95.80430612
15/07/2017,95.44293527,96.49865973,96.18894978,96.76993282,97.45305441,95.44529847,96.47984439,92.38759108,99.16553255,101.9793337,97.40631788,88.39940357,84.67042321,95.95909187
01/08/2017,95.73742412,96.69048296,96.57939148,96.78778732,97.54864668,96.4325171,96.11738648,92.97972177,100.0236158,103.6540371,97.75384262,88.83504592,85.19625995,96.21188494
15/08/2017,95.84935994,96.73487018,96.62584236,96.830367,97.67272692,96.72597524,95.99856808,93.28835939,100.3069103,104.3168146,97.79988087,89.15859561,85.58643486,96.40036661
01/09/2017,96.17615241,97.00326385,96.86589517,97.12358425,97.73614866,98.86731451,95.95449885,93.78386475,100.5800412,104.6243345,98.0515114,89.78494764,86.50353603,96.43728866
15/09/2017,96.01012681,96.96797919,96.97615929,96.96081429,97.81004581,98.86731451,95.49846634,93.23934218,99.62551985,102.5018567,97.82720728,89.48167119,87.24069603,94.02475593
01/10/2017,96.60436324,97.16927572,97.10414371,97.22632445,97.90637051,98.87282289,96.01815827,94.97033996,98.11468034,98.95126569,97.59163939,93.12018838,91.10442199,97.20671181
15/10/2017,96.79142376,97.29169247,97.15572181,97.41078836,98.01708805,98.87282289,96.33547277,95.34478381,98.32482946,99.79467807,97.40586642,93.59130438,91.80645405,97.20969626
01/11/2017,97.67714406,97.56355731,97.47197148,97.64377678,98.10585356,98.87282289,96.78865838,98.00781703,99.38641068,102.2671163,97.58536668,97.19664302,97.11571598,97.36070482
15/11/2017,97.71245267,97.56692678,97.43996942,97.67812796,98.22336286,98.87282289,96.74834963,98.13360559,99.33394227,102.1947623,97.54533096,97.42731921,97.45252419,97.37622166
01/12/2017,98.13765851,97.98163521,97.7035058,98.22524708,98.29444389,98.87282289,97.95347081,98.58879021,99.91295698,103.2785156,97.80877841,97.80964135,97.88411139,97.65866972
15/12/2017,98.40810746,97.96638876,97.8382304,98.0786419,98.38956117,98.87282289,97.51342892,99.68753895,102.4098358,108.4602058,98.62708806,98.08572073,98.18406291,97.88635357
01/01/2018,98.64249654,98.13193417,98.24567709,98.03230743,98.52284382,99.06156644,97.20993888,100.1198011,101.3762797,104.8723333,99.19051443,99.38048038,99.83758473,98.45380174
15/01/2018,98.94750285,98.37209385,98.38730048,98.35877446,98.67729422,99.56260501,97.65874781,100.6131578,101.0057799,102.773393,99.90065181,100.3821363,101.0117779,99.10567635
01/02/2018,99.15033956,98.66494111,98.76029187,98.58142396,98.80526119,99.73673941,97.99357361,100.5552656,99.73969085,98.25976488,100.6649544,101.0351553,101.8796051,99.32321897
15/02/2018,99.19316065,98.79843493,98.92831301,98.6846755,98.90000428,99.78047583,98.12400719,100.3361773,98.80689099,94.76962363,101.3310281,101.2360198,102.1333336,99.41691332
01/03/2018,99.48539576,99.03102439,99.07438137,98.99304828,99.02227181,99.78047583,98.7189175,100.8014366,99.35931352,95.41012479,101.8283831,101.6499917,102.6959429,99.52955555
15/03/2018,99.49816696,99.08368993,99.11567312,99.05567603,99.14265986,99.78047583,98.74170811,100.6985714,99.93997042,97.02786459,101.7606461,101.1449374,101.9125881,99.58869419
01/04/2018,99.1540958,99.15360166,99.38713161,98.94905418,99.24002452,99.78587298,98.39108624,99.1550128,99.48448605,96.12552099,101.5845423,98.96114847,98.59266567,99.70816637
15/04/2018,99.15634954,99.25281098,99.46070996,99.07071351,99.35152932,99.79531926,98.55795589,98.87913932,98.82925939,94.40124556,101.5976949,98.90848902,98.44579498,99.84649951
01/05/2018,98.86787067,99.37921879,99.52241921,99.25379041,99.44338977,99.81053567,98.88665766,97.38945912,98.14905173,92.89068856,101.4366294,96.94250959,95.48771966,99.89177651
15/05/2018,99.12104093,99.53700444,99.74341403,99.35621152,99.56309525,99.84845955,98.99134502,97.91669672,98.04234033,92.51777092,101.4963526,97.84276716,96.84257969,99.87042748
01/06/2018,99.25401166,99.61621127,99.73868577,99.50893659,99.65866244,99.87018511,99.24332553,98.20746795,97.35346611,91.66076301,100.9125971,98.70996852,98.12546503,99.89492091
15/06/2018,99.4989182,99.76044275,99.78380457,99.73998027,99.82949215,99.89817799,99.59910016,98.74228862,98.20447379,94.05711196,100.797443,99.05874257,98.61704032,99.95419683
01/07/2018,99.81894946,99.94858389,99.97033174,99.92953508,99.90627005,99.97721888,99.9386175,99.44355971,99.29036285,97.74580277,100.2560362,99.5337018,99.29980152,100.0078832
15/07/2018,100,100,100,100,100,100,100,100,100,100,100,100,100,100
01/08/2018,100.343,100.1754281,100.2993629,100.0416166,100.0473293,101.3470108,99.76294737,100.8624289,100.8932635,102.7955005,99.34808808,100.8402876,101.1332833,100.1554745
15/08/2018,100.641,100.265259,100.4430671,100.0732808,100.1764462,101.508799,99.67956822,101.801187,102.1831655,104.8858036,99.98782928,101.5268998,102.0283507,100.3548683
01/09/2018,100.865,100.4547173,100.6580563,100.2351736,100.2883701,103.4985295,99.50347646,102.1323039,101.8117129,103.5437957,100.4047527,102.3625106,103.220015,100.3582822
15/09/2018,100.97,100.6348288,100.8483998,100.4042378,100.3854956,103.5100337,99.77035187,102.0042963,100.8319216,101.7717203,100.068529,102.8461433,103.8793264,100.4313046
01/10/2018,101.372,100.8053898,100.9878279,100.6084128,100.4591783,103.5100337,100.1348461,103.1218913,100.3349667,101.0047338,99.79091896,105.1230981,107.0888782,100.5285184
15/10/2018,101.509,100.9078215,101.0002533,100.8080237,100.539187,103.5100337,100.4840109,103.3682697,100.8861861,101.8332762,100.1168707,105.1505793,107.0956692,100.6043584
01/11/2018,102.132,101.1014457,101.24016,100.9516768,100.6635807,103.5100337,100.6751116,105.3182727,102.3015598,104.6051815,100.4303421,107.4844836,110.4060889,100.6558722
15/11/2018,102.473,101.1194401,101.2810158,100.9449879,100.7772849,103.5100337,100.55858,106.6570927,105.918123,112.1669625,100.8422292,107.1877246,109.9711055,100.6821824
01/12/2018,103.049,101.5458776,101.5646096,101.5256529,100.8726097,103.5100337,101.6980721,107.6934165,108.6303049,117.5196361,101.409556,107.0206651,109.7047197,100.7472764
15/12/2018,102.992,101.6190724,101.6411718,101.5952118,100.9595561,103.5100337,101.7665447,107.2351536,107.9794594,115.8212296,101.6096379,106.70069,109.156104,100.9616984
01/01/2019,103.105,101.7020737,101.861245,101.5302175,101.087651,103.7295161,101.4680224,107.4408017,109.3598425,118.9011743,101.6094775,106.0627962,107.8693268,101.8404274
15/01/2019,103.112,101.8675175,101.9665704,101.7605709,101.2271531,104.1913929,101.7316962,106.9576083,108.0122097,116.2088214,101.3541525,106.2003307,107.7654352,102.5422423
01/02/2019,103.009,102.1280644,102.3103159,101.9312888,101.3556963,104.5723013,101.89636,105.7310333,105.0089427,109.0323764,101.7407324,106.2495449,107.7514014,102.7392848
15/02/2019,103.15,102.3202809,102.5230759,102.1013246,101.5213169,104.6061179,102.0989153,105.7131444,103.0640591,104.6029689,101.8140122,107.6153729,109.6698137,102.8135684
01/03/2019,103.415,102.5033595,102.7163972,102.2733442,101.6561139,104.6068614,102.3403503,106.2340438,103.134701,105.1555256,101.4931976,108.4595887,110.8505725,102.8711888
15/03/2019,103.537,102.6489211,102.8173801,102.4670371,101.8243042,104.6068614,102.5975991,106.2810362,103.543064,105.8567933,101.663636,108.2470917,110.4390064,103.1239721
01/04/2019,103.501,103.0557493,103.1038582,103.0038065,101.994403,104.6152128,103.5753595,104.8765099,103.3449498,104.7006675,102.2437087,105.9762772,107.1534628,103.224864
15/04/2019,103.562,103.0308194,103.1764099,102.8736264,102.1140686,104.6244625,103.1909217,105.2021837,104.4221215,105.248821,103.7505987,105.7623228,106.7951354,103.3483502
01/05/2019,103.25,103.1253191,103.3062825,102.9299343,102.2635686,104.6661963,103.1663428,103.6366904,104.6451991,104.5620495,104.712741,102.9125106,102.6658231,103.4890884
15/05/2019,103.216,103.2991774,103.565695,103.0114202,102.3834312,104.6937145,103.2245697,102.9579385,103.4738185,101.7266404,104.8930405,102.5875005,102.1811457,103.5372657
01/06/2019,103.225,103.4694924,103.6717601,103.2511053,102.5103744,104.7143828,103.6116958,102.4689125,103.0208212,100.3215421,105.2134289,102.0726035,101.4051526,103.6326234
15/06/2019,103.373,103.5816311,103.6781317,103.4774401,102.6520418,104.7593492,103.9522953,102.7289086,104.7248761,102.7068341,106.3641192,101.2956643,100.275131,103.6809369
01/07/2019,103.654,103.7553053,103.7545469,103.7561241,102.735366,104.8581775,104.4446309,103.3418557,105.9323198,104.4570213,107.1306957,101.4817213,100.4765573,103.8310716
15/07/2019,103.72,103.8335051,103.9071181,103.7540256,102.8808205,104.9313216,104.2938617,103.3702042,105.9669048,104.375495,107.2595972,101.5055914,100.3295013,104.254444
01/08/2019,103.642,103.9514826,104.0635477,103.8304866,102.9899836,105.9472644,104.1440143,102.6847154,104.4444821,102.8203632,105.7637438,101.4210798,100.097061,104.5156834
15/08/2019,103.697,104.0592888,104.228995,103.8760582,103.0707632,106.3598067,104.0809805,102.5784069,104.2843444,103.3040105,105.0806636,101.3534245,99.96043122,104.6092406
01/09/2019,103.877,104.2538037,104.4529223,104.0388167,103.1840879,108.3945445,103.8960235,102.7117279,104.3029923,103.330141,105.0932334,101.5690887,100.2400446,104.6754376
15/09/2019,104.007,104.3768226,104.6408825,104.0917191,103.299051,108.4020906,103.9025298,102.8658839,104.3745318,103.4482996,105.1269044,101.7825692,100.4697586,104.8509758
01/10/2019,104.42,104.5109302,104.7697562,104.2314776,103.390619,108.4020906,104.1149789,104.1382729,104.3020495,103.6209314,104.8553175,104.0206699,103.5705203,105.0727957
15/10/2019,104.587,104.6331258,104.8601156,104.3880466,103.4992182,108.4020906,104.3475618,104.4439953,104.6023097,104.0045231,105.087888,104.3303146,103.7590473,105.6655264
01/11/2019,105.299,104.7982921,104.9754496,104.6070165,103.5665048,108.4020906,104.7490385,106.8471368,106.148831,106.3774928,105.9630904,107.3485692,108.0069066,105.8098498
15/11/2019,105.393,104.8090243,104.9049029,104.7055049,103.6713256,108.4020906,104.8624596,107.1994161,106.608627,107.1910726,106.1355099,107.6236441,108.4137938,105.7768424
01/12/2019,105.763,105.1910068,105.1693141,105.2144283,103.8279502,108.4020906,105.7953442,107.5294052,106.9288399,107.7038531,106.2993014,107.9606531,108.8540581,105.8725148
15/12/2019,106.105,105.276582,105.2633756,105.2908409,103.8864045,108.4020906,105.9039432,108.6637713,109.6090873,113.0336211,106.8273596,107.9849683,108.8287097,106.0129079
01/01/2020,106.388,105.4906627,105.8079787,105.1480588,104.0395411,108.6203697,105.4189651,109.161049,110.3253161,115.5258808,106.1009295,108.3250237,108.7880437,107.2428161
15/01/2020,106.506,105.6635348,106.0160714,105.2829036,104.2076656,109.0583367,105.4603198,109.1098645,110.1750527,115.4543529,105.8867097,108.3449849,108.7041471,107.505522
01/02/2020,106.636,105.8919391,106.2723977,105.4811607,104.3629344,109.2975813,105.6887095,108.9359363,110.327059,114.9804203,106.5471623,107.9370128,108.0467508,107.6805243
15/02/2020,107.141,106.0309216,106.3881383,105.6452373,104.4873048,109.3982272,105.9018412,110.5723792,114.0179946,122.6433957,107.0116345,108.0981862,108.2034987,107.8520412
01/03/2020,107.254,106.1960163,106.593328,105.7670418,104.6510277,109.3982272,106.0114109,110.5234098,113.9216101,121.6620743,107.6340788,108.0832642,108.1152805,108.008433
15/03/2020,106.422,106.3488906,106.8187531,105.8415834,104.791194,109.3982272,106.0424616,106.6495467,113.3386536,117.772605,109.7369822,101.8462999,99.10887645,108.2444266
01/04/2020,105.655,106.562215,107.2460543,105.8238787,104.9476045,109.3982272,105.864217,102.852273,112.4522877,113.5611624,111.5515557,95.95879081,90.696878,108.2573574
15/04/2020,105.854,106.745639,107.5191818,105.9104505,104.9976527,109.3982272,106.0018261,103.1000149,113.0088382,116.009856,110.57113,95.9847866,90.73214268,108.2616892
01/05/2020,106.167,107.0044889,107.9016656,106.0358137,105.0362685,109.3982272,106.2315928,103.5775196,115.7557995,124.6163814,108.5584035,94.8326626,88.88128749,108.7426961
15/05/2020,106.158,106.9402912,107.8611071,105.9460928,105.0792039,109.3982272,106.0035854,103.7409843,112.7334003,118.4449124,108.0939741,97.28380048,92.73867379,107.9070368
01/06/2020,106.495,107.2556949,108.3231679,106.103152,105.0998586,109.3982272,106.3164168,104.1424738,111.6944244,115.6544287,108.4777374,98.71964493,94.76229903,107.9690727
15/06/2020,106.991,107.4760976,108.7423,106.1089879,105.1642736,109.401932,106.2699356,105.4897628,112.0302275,114.0497921,110.3897476,100.7932515,97.71033253,107.9988982
01/07/2020,107.371,107.7418367,109.138992,106.2333381,105.2297102,109.4099456,106.4717271,106.2228193,111.7345001,112.8487148,110.8294303,102.2650469,99.75245488,108.1376794
15/07/2020,107.517,107.8401068,109.3085746,106.2546127,105.2736421,109.4280645,106.4732549,106.5192298,111.9163854,113.5912724,110.5558851,102.6436945,100.2258232,108.2949381
01/08/2020,107.777,108.0346183,109.5947257,106.3501816,105.347551,109.3965963,106.6149522,106.9817346,112.754948,116.136961,110.0077598,102.8361634,100.2205964,108.9494775
15/08/2020,107.956,108.2302894,109.8700514,106.4598501,105.4135864,109.5224634,106.7605278,107.1099917,112.8666305,117.0305855,109.4842756,102.9763222,100.3682856,109.0720356
01/09/2020,108.132,108.4089752,110.0470074,106.6404036,105.4690422,110.7414781,106.8361679,107.2750771,113.0556549,117.121177,109.7532563,103.1242178,100.4412381,109.3950941
15/09/2020,108.097,108.5384734,110.3376512,106.595914,105.5470449,110.7414781,106.6720243,106.7323872,112.6523682,116.0453624,109.89626,102.4814266,99.47879507,109.4994189
01/10/2020,108.686,108.6954781,110.4749254,106.7742215,105.5935583,110.6919933,107.0167724,108.657978,113.6633742,119.2638311,109.1141576,105.0637533,103.1765221,109.4747422
15/10/2020,108.862,108.7714175,110.5550875,106.8456018,105.6784537,110.6919933,107.0909358,109.1437182,115.3206801,122.0801047,109.8300411,104.7082274,102.6814762,109.4453135
01/11/2020,108.91,108.6552882,110.2287622,106.9564197,105.741024,110.6919933,107.2684316,109.6962683,114.2379162,118.0702873,111.1249047,106.4350474,105.1319837,109.4806729
15/11/2020,108.801,108.6283744,110.1244191,107.0131056,105.8332978,110.6919933,107.3049402,109.3356729,113.837193,115.7808107,112.2584042,106.1032666,104.6831188,109.4225505
01/12/2020,109.168,109.1948913,110.9771345,107.270616,105.9082175,110.6919933,107.7808718,109.083505,112.606529,111.0989017,113.8311655,106.5537272,105.3309193,109.4117724
15/12/2020,109.374,109.2785303,111.0729715,107.341085,105.9703953,110.6919933,107.8735745,109.6696712,112.5023038,109.8611447,114.6477011,107.6356428,106.8459123,109.4814644
